{"1": {"bert": 68.4758882597088, "bert_large": 192.947956860298, "resnet50": 47.02524705, "resnet101": 72.12323494, "resnet152": 85.55221181828529, "densenet169": 97.0228857640177, "densenet201": 119.34848268516362, "vgg11": 31.807508156634867, "vgg13": 47.41803534794599, "vgg16": 56.39385820366442, "vgg19": 37.74504791945219, "gpt2": 170.901100810151, "vgg19_b16": 89.28749553859234, "vgg19_b32": 67.14876305195503, "vgg19_b64": 318.2576249819249, "resnet152_b16": 135.14771522022784, "resnet152_b32": 235.2503732778132, "resnet152_b64": 184.78602250106633, "GPT2_b4": 49.81930665089749, "bert_b4": 423.597547551617, "bert_large_b4": 114.80258264928125}, "2": {"bert": 70.83210743, "bert_large": 198.199426989885, "resnet50": 49.3531892914325, "resnet101": 77.18095841817558, "resnet152": 87.88781011942774, "densenet169": 104.06517521478236, "densenet201": 124.81232207268476, "vgg11": 34.86781916581094, "vgg13": 50.63049701042473, "vgg16": 59.85898168757558, "vgg19": 40.75925946002826, "gpt2": 183.585194720071, "vgg19_b16": 114.24768348224461, "vgg19_b32": 91.46787379868329, "vgg19_b64": 340.1400730572641, "resnet152_b16": 157.67597786150873, "resnet152_b32": 259.61558213457465, "resnet152_b64": 212.60044964728877, "GPT2_b4": 97.62486765393987, "bert_b4": 508.4661436267197, "bert_large_b4": 248.71904779574834}, "4": {"bert": 71.36169721, "bert_large": 199.742421450209, "resnet50": 49.5444765035063, "resnet101": 77.49956915155053, "resnet152": 107.56475972943008, "densenet169": 103.7404453009367, "densenet201": 125.30467139557004, "vgg11": 36.52172798989341, "vgg13": 51.07291150838137, "vgg16": 60.25356541387737, "vgg19": 69.64774088934064, "gpt2": 189.776683279778, "vgg19_b32": 70.68652510060929, "resnet152_b64": 190.8543079975061, "GPT2_b4": 56.159537797793746, "bert_b4": 544.9638560414314, "bert_large_b4": 127.4301563447807}, "8": {"bert": 72.56124999, "bert_large": 200.335875, "resnet50": 49.567268174141645, "resnet101": 77.71632216870785, "resnet152": 108.51479294709861, "densenet169": 105.14416742138565, "densenet201": 124.4694369379431, "vgg11": 35.74136132374406, "vgg13": 51.41029879450798, "vgg16": 60.63768678344786, "vgg19": 70.18223443999887, "gpt2": 191.5775283, "vgg19_b32": 71.224315604195, "resnet152_b64": 191.87819745275192, "GPT2_b4": 56.332549755461514, "bert_b4": 644.7400907985866, "bert_large_b4": 128.4972348541487}, "16": {"bert": 77.8637809900101, "bert_large": 212.53960339957, "resnet50": 51.83300569013227, "resnet101": 81.39113117009401, "resnet152": 121.3726977998158, "densenet169": 130.52039420988876, "densenet201": 157.5241203495534, "vgg11": 36.42435496964026, "vgg13": 51.86850300990045, "vgg16": 63.05627670022659, "vgg19": 72.14324650994968, "gpt2": 207.222681800194, "bert_large_b4": 247.16614979843143, "GPT2_b4": 99.6198186010588, "vgg19_b32": 91.44063334679231, "resnet152_b64": 213.40611785417423}, "32": {"bert": 79.0739762305747, "bert_large": 214.286355869844, "resnet50": 51.83300569013227, "resnet101": 81.39113117009401, "resnet152": 121.3726977998158, "densenet169": 130.52039420988876, "densenet201": 157.5241203495534, "vgg11": 36.42435496964026, "vgg13": 51.86850300990045, "vgg16": 63.05627670022659, "vgg19": 72.14324650994968, "gpt2": 215.80116846977}, "64": {"bert": 86.8731458301772, "bert_large": 226.714514420018, "resnet50": 118.974222, "resnet101": 196.882924, "resnet152": 141.37219569995, "gpt2": 250.467096979991}}