{"1": {"bert": 68.4758882597088, "bert_large": 192.947956860298, "resnet50": 47.02524705, "resnet101": 72.12323494, "resnet152": 85.55221181828529, "densenet169": 97.0228857640177, "densenet201": 119.34848268516362, "vgg11": 31.807508156634867, "vgg13": 47.41803534794599, "vgg16": 56.39385820366442, "vgg19": 37.74504791945219, "gpt2": 170.901100810151, "vgg19_b16": 89.28749553859234, "vgg19_b32": 67.14876305195503, "vgg19_b64": 318.2576249819249, "resnet152_b16": 135.14771522022784, "resnet152_b32": 235.2503732778132, "resnet152_b64": 184.78602250106633, "GPT2_b4": 49.81930665089749, "bert_b4": 423.597547551617, "bert_large_b4": 114.80258264928125}, "2": {"bert": 70.83210743, "bert_large": 198.199426989885, "resnet50": 49.3531892914325, "resnet101": 77.18095841817558, "resnet152": 87.88781011942774, "densenet169": 104.06517521478236, "densenet201": 124.81232207268476, "vgg11": 34.86781916581094, "vgg13": 50.63049701042473, "vgg16": 59.85898168757558, "vgg19": 40.75925946002826, "gpt2": 183.585194720071, "vgg19_b16": 114.24768348224461, "vgg19_b32": 91.46787379868329, "vgg19_b64": 340.1400730572641, "resnet152_b16": 157.67597786150873, "resnet152_b32": 259.61558213457465, "resnet152_b64": 212.60044964728877, "GPT2_b4": 97.62486765393987, "bert_b4": 508.4661436267197, "bert_large_b4": 248.71904779574834}, "4": {"bert": 71.36169721, "bert_large": 199.742421450209, "resnet50": 49.5444765035063, "resnet101": 77.49956915155053, "resnet152": 107.56475972943008, "densenet169": 103.7404453009367, "densenet201": 125.30467139557004, "vgg11": 36.52172798989341, "vgg13": 51.07291150838137, "vgg16": 60.25356541387737, "vgg19": 69.64774088934064, "gpt2": 189.776683279778, "vgg19_b32": 70.68652510060929, "resnet152_b64": 190.8543079975061, "GPT2_b4": 56.159537797793746, "bert_b4": 544.9638560414314, "bert_large_b4": 127.4301563447807}, "8": {"bert": 72.56124999, "bert_large": 200.335875, "resnet50": 49.567268174141645, "resnet101": 77.71632216870785, "resnet152": 108.51479294709861, "densenet169": 105.14416742138565, "densenet201": 124.4694369379431, "vgg11": 35.74136132374406, "vgg13": 51.41029879450798, "vgg16": 60.63768678344786, "vgg19": 70.18223443999887, "gpt2": 191.5775283, "vgg19_b32": 71.224315604195, "resnet152_b64": 191.87819745275192, "GPT2_b4": 56.332549755461514, "bert_b4": 644.7400907985866, "bert_large_b4": 128.4972348541487}, "16": {"bert": 77.8637809900101, "bert_large": 212.53960339957, "resnet50": 51.83300569013227, "resnet101": 81.39113117009401, "resnet152": 121.3726977998158, "densenet169": 130.52039420988876, "densenet201": 157.5241203495534, "vgg11": 36.42435496964026, "vgg13": 51.86850300990045, "vgg16": 63.05627670022659, "vgg19": 72.14324650994968, "gpt2": 207.222681800194, "bert_large_b4": 248.03069295012392, "GPT2_b4": 98.34733045427129, "vgg19_b32": 91.09622550313361, "resnet152_b64": 212.11910549900495, "bert_large_b1": 206.71458804863505, "bert_large_b2": 219.61458799778484, "bert_large_b8": 311.1908966500778, "bert_large_b16": 454.10438899998553, "GPT2_b1": 73.65457414998673, "GPT2_b2": 83.81039025261998, "GPT2_b8": 132.56117124692537, "GPT2_b16": 202.49332340317778, "vgg19_b16": 63.90039880061522, "vgg19_b64": 145.2305852493737, "vgg19_b128": 258.97978589637205, "vgg19_b256": 502.61460510082543, "resnet152_b8": 97.35884330002591, "resnet152_b16": 110.20973974955268, "resnet152_b32": 136.462081305217, "resnet152_b128": 367.7577875962015}, "32": {"bert": 79.0739762305747, "bert_large": 214.286355869844, "resnet50": 51.83300569013227, "resnet101": 81.39113117009401, "resnet152": 121.3726977998158, "densenet169": 130.52039420988876, "densenet201": 157.5241203495534, "vgg11": 36.42435496964026, "vgg13": 51.86850300990045, "vgg16": 63.05627670022659, "vgg19": 72.14324650994968, "gpt2": 215.80116846977, "resnet152_b64": 213.01555854734033, "bert_large_b4": 259.63987249997444, "GPT2_b4": 108.56913480092771, "vgg19_b32": 119.55044359783642, "bert_large_b1": 230.35855395137332, "bert_large_b2": 239.84307034988888, "bert_large_b8": 313.9033695013495, "bert_large_b16": 447.5389160012128, "GPT2_b1": 91.02895600080956, "GPT2_b2": 95.31821529963054, "GPT2_b8": 143.96381120022852, "GPT2_b16": 213.94166164973285, "vgg19_b16": 102.46604254934937, "vgg19_b64": 173.37849155301228, "vgg19_b128": 285.46939280058723, "vgg19_b256": 526.9515364518156, "resnet152_b8": 102.100796852028, "resnet152_b16": 111.75197524717078, "resnet152_b32": 137.76528970047366, "resnet152_b128": 369.15648545254953}, "64": {"bert": 86.8731458301772, "bert_large": 226.714514420018, "resnet50": 118.974222, "resnet101": 196.882924, "resnet152": 141.37219569995, "gpt2": 250.467096979991, "bert_large_b4": 264.2078414995922, "GPT2_b4": 101.91325460036751, "vgg19_b32": 113.33880940219387, "resnet152_b64": 208.3865743537899, "bert_large_b1": 228.13227479928173, "bert_large_b2": 241.80798614979722, "bert_large_b8": 305.6999922497198, "bert_large_b16": 446.64314155234024, "GPT2_b1": 82.68144704925362, "GPT2_b2": 148.2266390492441, "GPT2_b8": 138.3315726008732, "GPT2_b16": 209.49565785122104, "vgg19_b16": 100.22890984837431, "vgg19_b64": 164.9681465496542, "vgg19_b128": 279.1176966013154, "vgg19_b256": 520.6096060021082, "resnet152_b8": 93.64540069946088, "resnet152_b16": 106.09392604674213, "resnet152_b32": 130.52944894880056, "resnet152_b128": 365.1855736039579}, "128": {"bert_large_b4": 253.8817568507511, "GPT2_b4": 100.98555100266822, "vgg19_b32": 112.29558640043251, "resnet152_b64": 208.3606413041707, "bert_large_b1": 214.42920145345852, "bert_large_b2": 228.74037379515357, "bert_large_b8": 297.01068325084634, "bert_large_b16": 432.3109923978336, "GPT2_b1": 83.49394555552863, "GPT2_b2": 148.6167060036678, "GPT2_b8": 132.84010110073723, "GPT2_b16": 206.59652610193007, "vgg19_b16": 99.24520254717208, "vgg19_b64": 160.33048400422558, "vgg19_b128": 274.74176965188235, "vgg19_b256": 517.4832269025501, "resnet152_b8": 94.75432594772428, "resnet152_b16": 106.72466520045418, "resnet152_b32": 133.20922565180808, "resnet152_b128": 364.91679365281016}}