{
    "1":{
        "bert": 68.4758882597088,
        "bert_large": 192.947956860298,
        "resnet50": 47.02524705,
        "resnet101": 72.12323494,
        "resnet152": 100.4926277,
        "densenet169": 97.0228857640177,
        "densenet201": 119.34848268516362,
        "vgg11": 31.807508156634867,
        "vgg13": 47.41803534794599,
        "vgg16": 56.39385820366442,
        "vgg19": 65.46129576396197,
	"gpt2": 170.901100810151
    },
    "2":{
        "bert": 70.83210743,
        "bert_large": 198.199426989885,
        "resnet50": 49.3531892914325,
        "resnet101": 77.18095841817558,
        "resnet152": 107.8000682964921,
        "densenet169": 104.06517521478236,
        "densenet201": 124.81232207268476,
        "vgg11": 34.86781916581094,
        "vgg13": 50.63049701042473,
        "vgg16": 59.85898168757558,
        "vgg19": 69.18297447264194,
	"gpt2": 183.585194720071
    },

    "4":{
        "bert": 71.36169721,
        "bert_large": 199.742421450209,
        "resnet50": 49.5444765035063,
        "resnet101": 77.49956915155053,
        "resnet152": 107.56475972943008,
        "densenet169": 103.7404453009367,
        "densenet201": 125.30467139557004,
        "vgg11": 36.52172798989341,
        "vgg13": 51.07291150838137,
        "vgg16": 60.25356541387737,
        "vgg19": 69.64774088934064,
	"gpt2": 189.776683279778

    },

    "8":{
        "bert": 72.56124999,
        "bert_large": 200.335875,
        "resnet50": 49.567268174141645,
        "resnet101": 77.71632216870785,
        "resnet152": 108.51479294709861,
        "densenet169": 105.14416742138565,
        "densenet201": 124.4694369379431,
        "vgg11": 35.74136132374406,
        "vgg13": 51.41029879450798,
        "vgg16": 60.63768678344786,
        "vgg19": 70.18223443999887,
	"gpt2": 191.5775283

    },

    "16":{
        "bert": 77.8637809900101,
        "bert_large": 212.53960339957,
        "resnet50": 51.83300569013227,
        "resnet101": 81.39113117009401,
        "resnet152": 121.3726977998158,
        "densenet169": 130.52039420988876,
        "densenet201": 157.5241203495534,
        "vgg11": 36.42435496964026,
        "vgg13": 51.86850300990045,
        "vgg16": 63.05627670022659,
        "vgg19": 72.14324650994968,
	"gpt2": 207.222681800194

    },

    "32":{
        "bert": 79.0739762305747,
        "bert_large": 214.286355869844,
        "resnet50": 51.83300569013227,
        "resnet101": 81.39113117009401,
        "resnet152": 121.3726977998158,
        "densenet169": 130.52039420988876,
        "densenet201": 157.5241203495534,
        "vgg11": 36.42435496964026,
        "vgg13": 51.86850300990045,
        "vgg16": 63.05627670022659,
        "vgg19": 72.14324650994968,
	"gpt2": 215.80116846977

    },

    "64":{
        "bert": 86.8731458301772,
        "bert_large": 226.714514420018,
        "resnet50": 118.974222,
        "resnet101": 196.882924,
        "resnet152": 141.37219569995,
        "gpt2": 250.467096979991

    }
}

