{
    "x": 2.2140447981655598e-08,
    "features_0": 0.00035628316982183605,
    "features_1": 1.732054981403053e-05,
    "features_2": 4.350429982878268e-05,
    "features_3": 0.00013845217996276914,
    "features_4": 1.5110410167835653e-05,
    "features_5": 2.0611320505850016e-05,
    "features_6": 0.002492786539951339,
    "features_7": 0.00031003071984741837,
    "features_8": 0.001053688109968789,
    "features_9": 0.0002755077398614958,
    "features_10": 0.00019746704027056694,
    "features_11": 0.0007099806901533157,
    "features_12": 0.0002683577500283718,
    "features_13": 0.0011289976903935894,
    "features_14": 0.00014181378006469458,
    "features_15": 0.0001509262400213629,
    "features_16": 0.000570073290145956,
    "features_17": 0.00022817886958364397,
    "features_18": 0.0009508198004914447,
    "features_19": 7.307460007723421e-05,
    "features_20": 7.326585997361689e-05,
    "avgpool": 7.495662022847682e-05,
    "flatten": 3.336849622428417e-06,
    "classifier_0": 0.0006826295598875731,
    "classifier_1": 1.5137259615585209e-05,
    "classifier_2": 3.132809011731297e-05,
    "classifier_3": 4.8322629882022736e-05,
    "classifier_4": 1.496704004239291e-05,
    "classifier_5": 2.2588520077988506e-05,
    "classifier_6": 0.00012634368962608278,
    "output": 1.5779980458319187e-07,
    "SelectBackward0": 1.4833090244792401e-05,
    "AddmmBackward0": 3.282329009380191e-05,
    "AccumulateGrad0": 5.273689748719335e-06,
    "TBackward0": 1.2597598833963274e-06,
    "AccumulateGrad1": 5.105169839225709e-06,
    "FusedDropoutBackward0": 7.65133008826524e-06,
    "ReluBackward10": 7.1763398591429e-06,
    "AddmmBackward1": 4.4587430311366914e-05,
    "AccumulateGrad2": 5.275880102999508e-06,
    "TBackward1": 1.2637698091566563e-06,
    "AccumulateGrad3": 5.097649991512299e-06,
    "FusedDropoutBackward1": 7.650229963473976e-06,
    "ReluBackward11": 7.109010475687682e-06,
    "AddmmBackward2": 3.9134719991125166e-05,
    "AccumulateGrad4": 5.271069821901619e-06,
    "TBackward2": 1.2240902287885546e-06,
    "AccumulateGrad5": 5.065780133008957e-06,
    "ViewBackward0": 1.3234803918749095e-06,
    "AdaptiveAvgPool2DBackward0": 1.1981040006503463e-05,
    "MaxPool2DWithIndicesBackward0": 9.41472698468715e-05,
    "ReluBackward12": 1.8765259883366526e-05,
    "AddBackward00": 3.5676988773047925e-07,
    "ViewBackward1": 1.2703804532065988e-06,
    "AccumulateGrad6": 5.124899907968938e-06,
    "CudnnConvolutionBackward0": 0.00024491422984283416,
    "AccumulateGrad7": 5.199339939281344e-06,
    "ReluBackward13": 7.34305998776108e-06,
    "AddBackward01": 3.5305973142385485e-07,
    "ViewBackward2": 1.2735900236293674e-06,
    "AccumulateGrad8": 5.310350097715854e-06,
    "CudnnConvolutionBackward1": 0.0004492324002785608,
    "AccumulateGrad9": 5.118490080349148e-06,
    "MaxPool2DWithIndicesBackward1": 0.00012658183986786754,
    "ReluBackward14": 7.284447026904672e-05,
    "AddBackward02": 3.5186007153242826e-07,
    "ViewBackward3": 1.2913101818412543e-06,
    "AccumulateGrad10": 7.096145011018961e-05,
    "CudnnConvolutionBackward2": 0.0007706384302582592,
    "AccumulateGrad11": 0.00017900404985994101,
    "ReluBackward15": 0.00023217706999275833,
    "AddBackward03": 3.556697629392147e-07,
    "ViewBackward4": 1.288819476030767e-06,
    "AccumulateGrad12": 0.00023038961982820182,
    "CudnnConvolutionBackward3": 0.0017639897100161762,
    "AccumulateGrad13": 1.89958798000589e-05,
    "MaxPool2DWithIndicesBackward2": 0.0002652668603695929,
    "ReluBackward16": 0.00014006099023390563,
    "AddBackward04": 3.536604344844818e-07,
    "ViewBackward5": 1.2786901788786053e-06,
    "AccumulateGrad14": 0.00013790255005005747,
    "CudnnConvolutionBackward4": 0.0014063854597043245,
    "AccumulateGrad15": 3.3040500129573046e-05,
    "ReluBackward17": 0.00023483905009925366,
    "AddBackward05": 3.4925004001706837e-07,
    "ViewBackward6": 1.289609936065972e-06,
    "AccumulateGrad16": 0.00027109977963846177,
    "CudnnConvolutionBackward5": 0.002170094609609805,
    "AccumulateGrad17": 3.303098026663065e-05,
    "MaxPool2DWithIndicesBackward3": 0.000303100940072909,
    "ReluBackward18": 0.00016115361009724438,
    "AddBackward06": 3.4945027437061073e-07,
    "ViewBackward7": 1.2805999722331763e-06,
    "AccumulateGrad18": 0.00015955530980136246,
    "CudnnConvolutionBackward6": 0.002146386899985373,
    "AccumulateGrad19": 5.651788029354066e-05,
    "MaxPool2DWithIndicesBackward4": 0.0004565822798758745,
    "ReluBackward19": 0.00024306826991960407,
    "AddBackward07": 3.6158016882836817e-07,
    "ViewBackward8": 1.2899097055196762e-06,
    "AccumulateGrad20": 0.00024153570004273206,
    "CudnnConvolutionBackward7": 0.0004843851603800431,
    "AccumulateGrad21": 0.00023937564983498306,
    "optimizer_zero": 0.004202317820163444,
    "optimizer_step": 0.0008675589098129422
}