{
    "x": 0,
    "features_0": 4.791178139827215e-13,
    "features_1": 1.0244351205490918e-13,
    "features_2": 7.657125721499627e-13,
    "features_3": 1.581652358214147e-13,
    "features_4": 2.2586840484129805e-13,
    "features_5": 2.7054245217565188e-11,
    "features_6": 7.013463384392551e-14,
    "features_7": 7.198618250842278e-11,
    "features_8": 1.6047736129109813e-13,
    "features_9": 3.47319545989574e-13,
    "features_10": 2.7648202254228716e-11,
    "features_11": 5.957412341368188e-14,
    "features_12": 1.3679045707570326e-10,
    "features_13": 1.421074788755728e-13,
    "features_14": 1.2240051212603921e-10,
    "features_15": 1.989380060816473e-14,
    "features_16": 7.828771507024208e-11,
    "features_17": 8.228609576129328e-14,
    "features_18": 5.996532570384987e-14,
    "features_19": 5.035539604602933e-12,
    "features_20": 6.561394082291182e-14,
    "features_21": 1.3378995129480529e-08,
    "features_22": 1.0314433814670608e-13,
    "features_23": 6.682554976833351e-12,
    "features_24": 6.145681384946376e-14,
    "features_25": 2.603113911889219e-11,
    "features_26": 9.751550858640888e-14,
    "features_27": 4.305838106283854e-14,
    "features_28": 1.3891420723682706e-12,
    "features_29": 2.7826373360947564e-14,
    "features_30": 3.7238584372314924e-14,
    "features_31": 1.1031616375598018e-14,
    "features_32": 8.889712943545841e-14,
    "features_33": 2.0160610149928143e-14,
    "features_34": 4.158031550275034e-14,
    "features_35": 3.5549314014091863e-13,
    "features_36": 2.0376684710033943e-14,
    "avgpool": 4.8157721535228625e-14,
    "flatten": 4.690881616880675e-15,
    "classifier_0": 5.775376905968374e-13,
    "classifier_1": 4.887725896294588e-13,
    "classifier_2": 7.823196940821167e-13,
    "classifier_3": 1.0995656573324077e-09,
    "classifier_4": 5.664581463654967e-13,
    "classifier_5": 2.8233062048604968e-14,
    "classifier_6": 6.503111084692281e-13,
    "output": 7.04287047187092e-15,
    "AddmmBackward00": 5.648919495419933e-14,
    "AccumulateGrad0": 2.90907299936968e-15,
    "TBackward00": 2.7379502940626283e-15,
    "AccumulateGrad1": 1.064299902368548e-15,
    "FusedDropoutBackward00": 8.839923464937883e-14,
    "ReluBackward00": 3.321774935797047e-15,
    "AddmmBackward01": 6.209714537521048e-14,
    "AccumulateGrad2": 2.8361849724959273e-15,
    "TBackward01": 2.763510846664115e-15,
    "AccumulateGrad3": 5.0992358437181744e-14,
    "FusedDropoutBackward01": 8.491662898562658e-15,
    "ReluBackward01": 3.678408400418918e-15,
    "AddmmBackward02": 5.690064819013834e-13,
    "AccumulateGrad4": 2.448405641100083e-15,
    "TBackward02": 2.456874186156551e-15,
    "AccumulateGrad5": 7.152197531778403e-14,
    "ReshapeAliasBackward00": 1.857713473069761e-15,
    "AdaptiveAvgPool2DBackward00": 1.2391659182235612e-14,
    "MaxPool2DWithIndicesBackward00": 1.563915290190812e-15,
    "ReluBackward02": 1.239093807184151e-14,
    "AddBackward00": 1.9598177082084058e-15,
    "ReshapeAliasBackward01": 1.6450316782114266e-15,
    "AccumulateGrad6": 2.643102389093725e-13,
    "CudnnConvolutionBackward00": 6.5339931461945e-14,
    "AccumulateGrad7": 6.411168885064308e-14,
    "ReluBackward03": 3.4600033106997836e-14,
    "AddBackward01": 2.0464896595927264e-15,
    "ReshapeAliasBackward02": 2.3352094214257174e-15,
    "AccumulateGrad8": 2.355882755046036e-15,
    "CudnnConvolutionBackward01": 2.484191878851791e-13,
    "AccumulateGrad9": 4.626590897623899e-15,
    "ReluBackward04": 1.050838587635414e-14,
    "AddBackward02": 1.6706183676144523e-15,
    "ReshapeAliasBackward03": 2.974226381552695e-14,
    "AccumulateGrad10": 4.005079934992479e-15,
    "CudnnConvolutionBackward02": 1.5743736867937393e-13,
    "AccumulateGrad11": 1.882715422124438e-15,
    "ReluBackward05": 8.996422690168095e-14,
    "AddBackward03": 2.310968529591852e-15,
    "ReshapeAliasBackward04": 5.188267284207604e-14,
    "AccumulateGrad12": 2.965416457974519e-15,
    "CudnnConvolutionBackward03": 1.5863253244502365e-13,
    "AccumulateGrad13": 1.094761954535176e-13,
    "MaxPool2DWithIndicesBackward01": 5.031164492060653e-15,
    "ReluBackward06": 5.408939376671361e-14,
    "AddBackward04": 2.4453685122352263e-15,
    "ReshapeAliasBackward05": 4.193299023804985e-15,
    "AccumulateGrad14": 2.3249170482798285e-13,
    "CudnnConvolutionBackward04": 6.817186910431781e-11,
    "AccumulateGrad15": 4.417880443467362e-15,
    "ReluBackward07": 3.5106512575762436e-14,
    "AddBackward05": 2.2130661696652743e-15,
    "ReshapeAliasBackward06": 1.0829281385593076e-15,
    "AccumulateGrad16": 2.309268024741108e-15,
    "CudnnConvolutionBackward05": 5.5609794212886834e-11,
    "AccumulateGrad17": 4.570063296315082e-15,
    "ReluBackward08": 3.024332542966211e-14,
    "AddBackward06": 1.821367162812825e-15,
    "ReshapeAliasBackward07": 2.9108226321313647e-15,
    "AccumulateGrad18": 1.3651396515913024e-15,
    "CudnnConvolutionBackward06": 2.4010287044555054e-10,
    "AccumulateGrad19": 3.469425462163054e-15,
    "ReluBackward09": 3.8347147182246734e-14,
    "AddBackward07": 2.942092016637838e-15,
    "ReshapeAliasBackward08": 2.8604808890958823e-15,
    "AccumulateGrad20": 3.9175339178867375e-15,
    "CudnnConvolutionBackward07": 2.718532047559685e-11,
    "AccumulateGrad21": 3.1358091955580537e-15,
    "MaxPool2DWithIndicesBackward02": 5.28188628811718e-15,
    "ReluBackward010": 7.432203470400947e-14,
    "AddBackward08": 6.110405603867862e-15,
    "ReshapeAliasBackward09": 9.824347494198347e-15,
    "AccumulateGrad22": 2.6262625308941862e-15,
    "CudnnConvolutionBackward08": 6.323080564324686e-11,
    "AccumulateGrad23": 9.008929880787888e-15,
    "ReluBackward011": 8.655775197948093e-14,
    "AddBackward09": 1.888375848919932e-15,
    "ReshapeAliasBackward010": 3.350347650496697e-15,
    "AccumulateGrad24": 1.9025613393276433e-15,
    "CudnnConvolutionBackward09": 2.9689708493360306e-10,
    "AccumulateGrad25": 4.068787973885034e-15,
    "ReluBackward012": 9.336933660554038e-14,
    "AddBackward010": 1.056993450375641e-15,
    "ReshapeAliasBackward011": 1.6517052557970357e-15,
    "AccumulateGrad26": 1.1049189946596312e-15,
    "CudnnConvolutionBackward010": 2.0798658167367653e-10,
    "AccumulateGrad27": 1.163996338461448e-14,
    "ReluBackward013": 8.538675635569931e-14,
    "AddBackward011": 1.754939232068982e-13,
    "ReshapeAliasBackward012": 2.9672987534128613e-15,
    "AccumulateGrad28": 3.04718273785903e-15,
    "CudnnConvolutionBackward011": 5.027664904002196e-13,
    "AccumulateGrad29": 5.31881085760281e-15,
    "MaxPool2DWithIndicesBackward03": 1.6421220213203977e-11,
    "ReluBackward014": 3.491613953411641e-14,
    "AddBackward012": 2.3039531753414033e-15,
    "ReshapeAliasBackward013": 1.236505105241336e-15,
    "AccumulateGrad30": 1.9940632189595596e-13,
    "CudnnConvolutionBackward012": 1.0305346075224128e-11,
    "AccumulateGrad31": 8.327938075114218e-15,
    "ReluBackward015": 1.0846232299283708e-13,
    "AddBackward013": 7.603049057246718e-15,
    "ReshapeAliasBackward014": 2.8048168286158965e-14,
    "AccumulateGrad32": 1.731751665172999e-14,
    "CudnnConvolutionBackward013": 2.313916170878964e-13,
    "AccumulateGrad33": 5.4891071448622486e-15,
    "MaxPool2DWithIndicesBackward04": 1.6005346734796712e-14,
    "ReluBackward016": 9.207974649838588e-14,
    "AddBackward014": 2.1299135957546236e-15,
    "ReshapeAliasBackward015": 2.288409872296289e-15,
    "AccumulateGrad34": 2.425063081540432e-15,
    "CudnnConvolutionBackward014": 7.225292187046623e-13,
    "AccumulateGrad35": 1.9435340864712838e-14,
    "ReluBackward017": 2.4235040465363513e-13,
    "AddBackward015": 2.3718022024590214e-15,
    "ReshapeAliasBackward016": 1.9066851745708367e-15,
    "AccumulateGrad36": 2.163227718096936e-13,
    "CudnnConvolutionBackward015": 1.924554629656097e-12,
    "AccumulateGrad37": 6.66619726481413e-15,
    "optimizer_zero": 2.4115944358689e-13,
    "optimizer_step": 6.023794591708008e-13
}