{
    "x": 0,
    "features_0": 0.0014740896003786474,
    "features_1": 0.0006057055201381445,
    "features_2": 0.0026968890789430587,
    "features_3": 0.000605619689449668,
    "features_4": 0.0005395815521478653,
    "features_5": 0.001022620020667091,
    "features_6": 0.0003061567503027618,
    "features_7": 0.00159462075214833,
    "features_8": 0.00030592647031880916,
    "features_9": 0.0002706892788410187,
    "features_10": 0.0007476301875431091,
    "features_11": 0.00015651295077987015,
    "features_12": 0.0012538751296233385,
    "features_13": 0.00015637047123163937,
    "features_14": 0.0012543085298966617,
    "features_15": 0.0001562502176966518,
    "features_16": 0.0012566252902615816,
    "features_17": 0.00015645281877368688,
    "features_18": 0.00014142804080620407,
    "features_19": 0.0006441256718244403,
    "features_20": 8.165697217918933e-05,
    "features_21": 0.001150871068239212,
    "features_22": 8.162369951605797e-05,
    "features_23": 0.0011132020584773273,
    "features_24": 8.169111097231508e-05,
    "features_25": 0.0011175650404766202,
    "features_26": 8.160235127434134e-05,
    "features_27": 7.403744966723025e-05,
    "features_28": 0.0003136036894284189,
    "features_29": 1.6877318266779184e-05,
    "features_30": 0.0003128595615271479,
    "features_31": 1.704741036519408e-05,
    "features_32": 0.0003125740366522223,
    "features_33": 1.708830124698579e-05,
    "features_34": 0.00031258046976290644,
    "features_35": 1.728505943901837e-05,
    "features_36": 2.2043200442567467e-05,
    "avgpool": 8.003692142665387e-05,
    "flatten": 3.6608800292015077e-06,
    "classifier_0": 0.0003436527110170573,
    "classifier_1": 1.636081957258284e-05,
    "classifier_2": 2.4931621737778187e-05,
    "classifier_3": 8.86584899853915e-05,
    "classifier_4": 1.654636929742992e-05,
    "classifier_5": 2.4623229401186108e-05,
    "classifier_6": 5.1502040587365624e-05,
    "output": 1.0264094453305005e-06,
    "AddmmBackward00": 3.929281025193632e-05,
    "AccumulateGrad0": 6.5905926749110216e-06,
    "TBackward00": 2.3172621149569747e-06,
    "AccumulateGrad1": 1.5967589570209383e-05,
    "FusedDropoutBackward00": 9.22422157600522e-06,
    "ReluBackward00": 8.53352015838027e-06,
    "AddmmBackward01": 0.00014790700050070881,
    "AccumulateGrad2": 6.683659739792347e-06,
    "TBackward01": 2.3300806060433385e-06,
    "AccumulateGrad3": 0.00010386817040853203,
    "FusedDropoutBackward01": 9.488329524174333e-06,
    "ReluBackward01": 8.803940145298837e-06,
    "AddmmBackward02": 0.0006352365191560239,
    "AccumulateGrad4": 6.606421666219831e-06,
    "TBackward02": 2.3047300055623054e-06,
    "AccumulateGrad5": 0.0006050782604143023,
    "ReshapeAliasBackward00": 2.304022200405598e-06,
    "AdaptiveAvgPool2DBackward00": 6.503502721898258e-05,
    "MaxPool2DWithIndicesBackward00": 7.096908055245876e-05,
    "ReluBackward02": 3.278495976701379e-05,
    "AddBackward00": 1.2049509678035975e-06,
    "ReshapeAliasBackward01": 2.2563303355127573e-06,
    "AccumulateGrad6": 6.770491600036621e-06,
    "CudnnConvolutionBackward00": 0.0006759091804269702,
    "AccumulateGrad7": 1.1062877019867301e-05,
    "ReluBackward03": 3.289469052106142e-05,
    "AddBackward01": 1.2361188419163227e-06,
    "ReshapeAliasBackward02": 2.307433169335127e-06,
    "AccumulateGrad8": 6.716529605910182e-06,
    "CudnnConvolutionBackward01": 0.000676427559228614,
    "AccumulateGrad9": 1.0919200722128153e-05,
    "ReluBackward04": 3.288544015958905e-05,
    "AddBackward02": 1.2266996782273055e-06,
    "ReshapeAliasBackward03": 2.3232516832649706e-06,
    "AccumulateGrad10": 6.72121997922659e-06,
    "CudnnConvolutionBackward02": 0.0006763146398589016,
    "AccumulateGrad11": 1.095375744625926e-05,
    "ReluBackward05": 3.271977184340358e-05,
    "AddBackward03": 1.2385111767798662e-06,
    "ReshapeAliasBackward04": 2.3661297746002676e-06,
    "AccumulateGrad12": 6.730918539687991e-06,
    "CudnnConvolutionBackward03": 0.0006761658820323646,
    "AccumulateGrad13": 1.1092551285400988e-05,
    "MaxPool2DWithIndicesBackward01": 0.0002507312595844269,
    "ReluBackward06": 0.00011930545209906996,
    "AddBackward04": 1.2367404997348786e-06,
    "ReshapeAliasBackward05": 2.308938419446349e-06,
    "AccumulateGrad14": 6.871987134218216e-06,
    "CudnnConvolutionBackward04": 0.0023435338540002703,
    "AccumulateGrad15": 1.0987531859427691e-05,
    "ReluBackward07": 0.00011924726073630153,
    "AddBackward05": 1.2217892799526453e-06,
    "ReshapeAliasBackward06": 2.2610509768128394e-06,
    "AccumulateGrad16": 6.639660568907857e-06,
    "CudnnConvolutionBackward05": 0.0023774194810539484,
    "AccumulateGrad17": 1.1156568070873618e-05,
    "ReluBackward08": 0.00011905059101991356,
    "AddBackward06": 1.2275215703994036e-06,
    "ReshapeAliasBackward07": 2.295599551871419e-06,
    "AccumulateGrad18": 6.670940201729536e-06,
    "CudnnConvolutionBackward06": 0.0023965641600079838,
    "AccumulateGrad19": 1.1263949563726782e-05,
    "ReluBackward09": 0.00011901843012310565,
    "AddBackward07": 1.2252188753336667e-06,
    "ReshapeAliasBackward08": 2.3018219508230686e-06,
    "AccumulateGrad20": 6.703388644382357e-06,
    "CudnnConvolutionBackward07": 0.00129034664016217,
    "AccumulateGrad21": 7.479438791051507e-06,
    "MaxPool2DWithIndicesBackward02": 0.0004707242303993553,
    "ReluBackward010": 0.00023285582195967436,
    "AddBackward08": 1.2403272558003664e-06,
    "ReshapeAliasBackward09": 2.3140304256230596e-06,
    "AccumulateGrad22": 6.6615990363061425e-06,
    "CudnnConvolutionBackward08": 0.0025089861801825463,
    "AccumulateGrad23": 6.533169653266668e-06,
    "ReluBackward011": 0.00023286592098884285,
    "AddBackward09": 1.2220791541039944e-06,
    "ReshapeAliasBackward010": 2.3070303723216054e-06,
    "AccumulateGrad24": 6.674639880657195e-06,
    "CudnnConvolutionBackward09": 0.0025462500599678604,
    "AccumulateGrad25": 6.487369537353516e-06,
    "ReluBackward012": 0.00023272505844943226,
    "AddBackward010": 1.2037600390613078e-06,
    "ReshapeAliasBackward011": 2.261450281366706e-06,
    "AccumulateGrad26": 6.607378600165248e-06,
    "CudnnConvolutionBackward010": 0.0025428396300412716,
    "AccumulateGrad27": 6.538789020851254e-06,
    "ReluBackward013": 0.00023267308017238972,
    "AddBackward011": 1.3464200310409069e-06,
    "ReshapeAliasBackward012": 2.260849578306079e-06,
    "AccumulateGrad28": 6.618739571422339e-06,
    "CudnnConvolutionBackward011": 0.001480177448829636,
    "AccumulateGrad29": 6.608620751649141e-06,
    "MaxPool2DWithIndicesBackward03": 0.0009300822298973799,
    "ReluBackward014": 0.0004594339721370489,
    "AddBackward012": 1.231901114806533e-06,
    "ReshapeAliasBackward013": 2.2916099987924098e-06,
    "AccumulateGrad30": 6.872132653370499e-06,
    "CudnnConvolutionBackward012": 0.0030152802309021355,
    "AccumulateGrad31": 6.588264368474483e-06,
    "ReluBackward015": 0.0004592717275954783,
    "AddBackward013": 1.2599804904311895e-06,
    "ReshapeAliasBackward014": 2.3667607456445694e-06,
    "AccumulateGrad32": 6.7403679713606826e-06,
    "CudnnConvolutionBackward013": 0.0021883366792462768,
    "AccumulateGrad33": 6.5896881278604275e-06,
    "MaxPool2DWithIndicesBackward04": 0.0018395953194703905,
    "ReluBackward016": 0.0009128580905962737,
    "AddBackward014": 1.22901052236557e-06,
    "ReshapeAliasBackward015": 2.2511172574013472e-06,
    "AccumulateGrad34": 6.627639522776008e-06,
    "CudnnConvolutionBackward014": 0.0055545731191523375,
    "AccumulateGrad35": 6.466250633820891e-06,
    "ReluBackward017": 0.0009129170107189565,
    "AddBackward015": 1.1947494931519031e-06,
    "ReshapeAliasBackward016": 2.274969592690468e-06,
    "AccumulateGrad36": 6.76190247759223e-06,
    "CudnnConvolutionBackward015": 0.0006964985386002808,
    "AccumulateGrad37": 6.4832996577024454e-06,
    "optimizer_zero": 0.0005204975081142038,
    "optimizer_step": 0.0014015135110821576
}