{
    "x": 0,
    "features_0": 0.0017323380704037843,
    "features_1": 0.0010005307486280798,
    "features_2": 0.0065056174029596145,
    "features_3": 0.001000575219746679,
    "features_4": 0.0009058811366558075,
    "features_5": 0.0031359383249655367,
    "features_6": 0.0005019489889964462,
    "features_7": 0.004919843100011348,
    "features_8": 0.0005021260022185743,
    "features_9": 0.0004504353730008006,
    "features_10": 0.002249366510193795,
    "features_11": 0.0002526506972499192,
    "features_12": 0.0037098071435466406,
    "features_13": 0.0002526350151747465,
    "features_14": 0.0037269336110912266,
    "features_15": 0.0002527611977420747,
    "features_16": 0.0037318551414646205,
    "features_17": 0.00025263026449829344,
    "features_18": 0.00022717342944815754,
    "features_19": 0.0017916470849886536,
    "features_20": 0.0001280265962705016,
    "features_21": 0.003154839751776308,
    "features_22": 0.00012813108135014773,
    "features_23": 0.0031603650823235512,
    "features_24": 0.00012808280996978282,
    "features_25": 0.003163960254751146,
    "features_26": 0.00012824186263605953,
    "features_27": 0.00011705188220366835,
    "features_28": 0.0010452453345060348,
    "features_29": 3.4606856759637594e-05,
    "features_30": 0.0010443867901340127,
    "features_31": 3.443477535620332e-05,
    "features_32": 0.0010455808923579752,
    "features_33": 3.439907683059573e-05,
    "features_34": 0.0010451690922491253,
    "features_35": 3.4596774261444806e-05,
    "features_36": 3.480450483039021e-05,
    "avgpool": 0.00010583419771865009,
    "flatten": 2.513130195438862e-06,
    "classifier_0": 0.000747012966312468,
    "classifier_1": 1.609826926141977e-05,
    "classifier_2": 2.5287445168942213e-05,
    "classifier_3": 0.0001368340034969151,
    "classifier_4": 1.5554923098534345e-05,
    "classifier_5": 2.2011158987879756e-05,
    "classifier_6": 4.953299462795258e-05,
    "output": 1.8681632354855538e-07,
    "AddmmBackward00": 8.354364475235343e-05,
    "AccumulateGrad0": 8.462867233902215e-06,
    "TBackward00": 1.937665045261383e-06,
    "AccumulateGrad1": 4.29736147634685e-05,
    "FusedDropoutBackward00": 1.2347663752734662e-05,
    "ReluBackward00": 1.1964496690779925e-05,
    "AddmmBackward01": 0.00022027020016685128,
    "AccumulateGrad2": 8.213981054723263e-06,
    "TBackward01": 1.9306750036776065e-06,
    "AccumulateGrad3": 0.00016623812913894653,
    "FusedDropoutBackward01": 1.2203639838844539e-05,
    "ReluBackward01": 1.173323905095458e-05,
    "AddmmBackward02": 0.0011897829039953648,
    "AccumulateGrad4": 8.165436331182718e-06,
    "TBackward02": 1.9912854768335818e-06,
    "AccumulateGrad5": 0.0010019753919914365,
    "ReshapeAliasBackward00": 1.9316324032843115e-06,
    "AdaptiveAvgPool2DBackward00": 8.734745997935533e-05,
    "MaxPool2DWithIndicesBackward00": 0.00010298843076452614,
    "ReluBackward02": 5.033552879467607e-05,
    "AddBackward00": 3.979555331170559e-07,
    "ReshapeAliasBackward01": 1.9054533913731574e-06,
    "AccumulateGrad6": 8.172668050974608e-06,
    "CudnnConvolutionBackward00": 0.001993737383279949,
    "AccumulateGrad7": 2.610179828479886e-05,
    "ReluBackward03": 5.043476587161422e-05,
    "AddBackward01": 4.711071960628033e-07,
    "ReshapeAliasBackward02": 2.026778645813465e-06,
    "AccumulateGrad8": 8.636681828647853e-06,
    "CudnnConvolutionBackward01": 0.0019938559229485692,
    "AccumulateGrad9": 2.6065916288644076e-05,
    "ReluBackward04": 5.04115242511034e-05,
    "AddBackward02": 3.960565663874149e-07,
    "ReshapeAliasBackward03": 1.8839831463992595e-06,
    "AccumulateGrad10": 8.156627416610717e-06,
    "CudnnConvolutionBackward02": 0.0019936869642697276,
    "AccumulateGrad11": 2.6060424279421568e-05,
    "ReluBackward05": 5.0492928829044104e-05,
    "AddBackward03": 4.000463522970677e-07,
    "ReshapeAliasBackward04": 1.8423069268465042e-06,
    "AccumulateGrad12": 8.182650897651911e-06,
    "CudnnConvolutionBackward03": 0.001993499393109232,
    "AccumulateGrad13": 2.6056481059640645e-05,
    "MaxPool2DWithIndicesBackward01": 0.0003677840232849121,
    "ReluBackward06": 0.00018884932436048985,
    "AddBackward04": 4.026726819574833e-07,
    "ReshapeAliasBackward05": 1.8977620638906956e-06,
    "AccumulateGrad14": 8.303781505674124e-06,
    "CudnnConvolutionBackward04": 0.005723871933761984,
    "AccumulateGrad15": 2.6050802785903213e-05,
    "ReluBackward07": 0.00018895035097375512,
    "AddBackward05": 4.0417024865746496e-07,
    "ReshapeAliasBackward06": 1.9777817651629447e-06,
    "AccumulateGrad16": 8.169169072061777e-06,
    "CudnnConvolutionBackward05": 0.005738395615946501,
    "AccumulateGrad17": 2.6136484462767837e-05,
    "ReluBackward08": 0.0001887666215188801,
    "AddBackward06": 3.9659300819039346e-07,
    "ReshapeAliasBackward07": 1.8869959749281405e-06,
    "AccumulateGrad18": 8.197554852813483e-06,
    "CudnnConvolutionBackward06": 0.005758735986426473,
    "AccumulateGrad19": 2.613251656293869e-05,
    "ReluBackward09": 0.0001887370734475553,
    "AddBackward07": 4.0216976776719094e-07,
    "ReshapeAliasBackward08": 1.8820278346538545e-06,
    "AccumulateGrad20": 8.200069889426231e-06,
    "CudnnConvolutionBackward07": 0.0031547248773276804,
    "AccumulateGrad21": 9.427535347640514e-06,
    "MaxPool2DWithIndicesBackward02": 0.0007063930146396161,
    "ReluBackward010": 0.0003737470949999988,
    "AddBackward08": 3.9662746712565426e-07,
    "ReshapeAliasBackward09": 1.93169666454196e-06,
    "AccumulateGrad22": 8.183965459465981e-06,
    "CudnnConvolutionBackward08": 0.006691085045691579,
    "AccumulateGrad23": 8.16072104498744e-06,
    "ReluBackward011": 0.00037344185775145885,
    "AddBackward09": 4.2193662375211715e-07,
    "ReshapeAliasBackward010": 1.8900572322309018e-06,
    "AccumulateGrad24": 8.45685275271535e-06,
    "CudnnConvolutionBackward09": 0.006718052107840777,
    "AccumulateGrad25": 8.302647620439529e-06,
    "ReluBackward012": 0.00037341916002333166,
    "AddBackward010": 3.978828899562359e-07,
    "ReshapeAliasBackward011": 1.879329327493906e-06,
    "AccumulateGrad26": 8.186138700693845e-06,
    "CudnnConvolutionBackward010": 0.0066894381688907744,
    "AccumulateGrad27": 8.330502081662416e-06,
    "ReluBackward013": 0.00037337853852659463,
    "AddBackward011": 3.979317843914032e-07,
    "ReshapeAliasBackward012": 1.9202502444386483e-06,
    "AccumulateGrad28": 8.193410933017731e-06,
    "CudnnConvolutionBackward011": 0.00381711400160566,
    "AccumulateGrad29": 8.474897127598525e-06,
    "MaxPool2DWithIndicesBackward03": 0.0013899563415907324,
    "ReluBackward014": 0.000742829020600766,
    "AddBackward012": 3.99359967559576e-07,
    "ReshapeAliasBackward013": 1.9094119779765604e-06,
    "AccumulateGrad30": 8.178800344467163e-06,
    "CudnnConvolutionBackward012": 0.010890801507979631,
    "AccumulateGrad31": 8.28615389764309e-06,
    "ReluBackward015": 0.0007429911121726036,
    "AddBackward013": 4.022805951535702e-07,
    "ReshapeAliasBackward014": 1.968333963304758e-06,
    "AccumulateGrad32": 8.367436472326518e-06,
    "CudnnConvolutionBackward013": 0.0066812464450486005,
    "AccumulateGrad33": 8.133812341839075e-06,
    "MaxPool2DWithIndicesBackward04": 0.002765167599543929,
    "ReluBackward016": 0.0014825108377262948,
    "AddBackward014": 4.0154252201318743e-07,
    "ReshapeAliasBackward015": 1.8742009997367858e-06,
    "AccumulateGrad34": 8.30338429659605e-06,
    "CudnnConvolutionBackward014": 0.017036945927422494,
    "AccumulateGrad35": 8.135111071169376e-06,
    "ReluBackward017": 0.001482417399995029,
    "AddBackward015": 4.359851591289044e-07,
    "ReshapeAliasBackward016": 1.8929154612123967e-06,
    "AccumulateGrad36": 8.296677842736244e-06,
    "CudnnConvolutionBackward015": 0.0015193440546281637,
    "AccumulateGrad37": 8.149422239512205e-06,
    "optimizer_zero": 0.0009514462356455624,
    "optimizer_step": 0.0021758337644860147
}