{
    "x": 1.2995093129575252e-07,
    "features_0": 0.0021679211896844207,
    "features_1": 0.0011998835299164056,
    "features_2": 0.005102832019329071,
    "features_3": 0.001199661099817604,
    "features_4": 0.00106785723939538,
    "features_5": 0.0019701347302179782,
    "features_6": 0.0006025606498587877,
    "features_7": 0.00307269876007922,
    "features_8": 0.0006017551501281559,
    "features_9": 0.0005305949901230633,
    "features_10": 0.0014169563795439898,
    "features_11": 0.00030321188038215044,
    "features_12": 0.0024163031100761147,
    "features_13": 0.00030338110052980483,
    "features_14": 0.0024134812399279324,
    "features_15": 0.00030321608996018766,
    "features_16": 0.002420111719984561,
    "features_17": 0.00030321207945235076,
    "features_18": 0.00027246518060564996,
    "features_19": 0.00115708502009511,
    "features_20": 0.00015397656010463835,
    "features_21": 0.0020957955392077567,
    "features_22": 0.0001538810902275145,
    "features_23": 0.002101504900492728,
    "features_24": 0.00015394210000522435,
    "features_25": 0.0020967181609012186,
    "features_26": 0.00015408908016979696,
    "features_27": 0.0001384255290031433,
    "features_28": 0.0005723159899935126,
    "features_29": 1.8623769283294677e-05,
    "features_30": 0.0005750519898720086,
    "features_31": 2.128003048710525e-05,
    "features_32": 0.0005743732198607176,
    "features_33": 1.877335016615689e-05,
    "features_34": 0.0005726705491542816,
    "features_35": 1.8473989330232142e-05,
    "features_36": 4.020275082439184e-05,
    "avgpool": 0.00014566994970664383,
    "flatten": 2.979059936478734e-06,
    "classifier_0": 0.0003519828396383673,
    "classifier_1": 1.4867059653624893e-05,
    "classifier_2": 2.2063590586185454e-05,
    "classifier_3": 8.709450950846076e-05,
    "classifier_4": 1.5089069493114948e-05,
    "classifier_5": 2.221005968749523e-05,
    "classifier_6": 4.955220967531204e-05,
    "output": 2.115895040333271e-07,
    "SelectBackward00": 1.3811889803037047e-05,
    "AddmmBackward00": 5.3720700088888405e-05,
    "AccumulateGrad0": 5.688520614057779e-06,
    "TBackward00": 1.470149727538228e-06,
    "AccumulateGrad1": 1.1677099391818047e-05,
    "NativeDropoutBackward00": 7.821610197424888e-06,
    "ReluBackward00": 7.827508961781859e-06,
    "AddmmBackward01": 0.0001414712204132229,
    "AccumulateGrad2": 5.629310617223382e-06,
    "TBackward01": 1.4852802269160747e-06,
    "AccumulateGrad3": 0.00010224940022453666,
    "NativeDropoutBackward01": 7.78923975303769e-06,
    "ReluBackward01": 7.937620393931866e-06,
    "AddmmBackward02": 0.0006484303902834653,
    "AccumulateGrad4": 5.639429436996579e-06,
    "TBackward02": 1.5989900566637515e-06,
    "AccumulateGrad5": 0.0006028887594584375,
    "ReshapeAliasBackward00": 1.4746503438800573e-06,
    "AdaptiveAvgPool2DBackward00": 0.00013601412996649742,
    "MaxPool2DWithIndicesBackward00": 0.00013250697986222804,
    "ReluBackward02": 6.087796064093709e-05,
    "ConvolutionBackward00": 0.0012051868194248526,
    "AccumulateGrad6": 8.245499338954687e-06,
    "AccumulateGrad7": 5.56600047275424e-06,
    "ReluBackward03": 6.097543984651565e-05,
    "ConvolutionBackward01": 0.0012052728794515132,
    "AccumulateGrad8": 8.239579619839787e-06,
    "AccumulateGrad9": 5.474319914355874e-06,
    "ReluBackward04": 6.108714966103435e-05,
    "ConvolutionBackward02": 0.0012050726101733745,
    "AccumulateGrad10": 8.249700767919421e-06,
    "AccumulateGrad11": 5.559580167755485e-06,
    "ReluBackward05": 6.104006082750857e-05,
    "ConvolutionBackward03": 0.0012055546103511006,
    "AccumulateGrad12": 8.239280432462693e-06,
    "AccumulateGrad13": 5.565989995375275e-06,
    "MaxPool2DWithIndicesBackward01": 0.0004843824205454439,
    "ReluBackward06": 0.0002315834502223879,
    "ConvolutionBackward04": 0.004263012310257181,
    "AccumulateGrad14": 8.249899838119746e-06,
    "AccumulateGrad15": 5.804739193990827e-06,
    "ReluBackward07": 0.00023162962985225023,
    "ConvolutionBackward05": 0.004262970339041204,
    "AccumulateGrad16": 8.265629876405e-06,
    "AccumulateGrad17": 5.5783195421099664e-06,
    "ReluBackward08": 0.00023161591961979867,
    "ConvolutionBackward06": 0.004263392629800364,
    "AccumulateGrad18": 8.22865986265242e-06,
    "AccumulateGrad19": 5.610070656985044e-06,
    "ReluBackward09": 0.00023124722996726633,
    "ConvolutionBackward07": 0.0024398989602923394,
    "AccumulateGrad20": 5.584430182352662e-06,
    "AccumulateGrad21": 5.569199565798044e-06,
    "MaxPool2DWithIndicesBackward02": 0.0009237001999281347,
    "ReluBackward010": 0.0004579646000638604,
    "ConvolutionBackward08": 0.0049179539503529665,
    "AccumulateGrad22": 5.561680300161243e-06,
    "AccumulateGrad23": 5.763649241998792e-06,
    "ReluBackward011": 0.00045759030035696924,
    "ConvolutionBackward09": 0.004917738049989566,
    "AccumulateGrad24": 5.56217972189188e-06,
    "AccumulateGrad25": 5.548059707507491e-06,
    "ReluBackward012": 0.0004580483492463827,
    "ConvolutionBackward010": 0.00491760561009869,
    "AccumulateGrad26": 5.606960039585829e-06,
    "AccumulateGrad27": 5.675189895555377e-06,
    "ReluBackward013": 0.000457657320657745,
    "ConvolutionBackward011": 0.002892509161029011,
    "AccumulateGrad28": 5.544050363823771e-06,
    "AccumulateGrad29": 5.553369410336018e-06,
    "MaxPool2DWithIndicesBackward03": 0.001824793699197471,
    "ReluBackward014": 0.0009110405703540892,
    "ConvolutionBackward012": 0.006588322550524026,
    "AccumulateGrad30": 5.60336047783494e-06,
    "AccumulateGrad31": 5.562190199270844e-06,
    "ReluBackward015": 0.0009110359603073447,
    "ConvolutionBackward013": 0.004524672330589965,
    "AccumulateGrad32": 5.545949097722768e-06,
    "AccumulateGrad33": 5.554170347750187e-06,
    "MaxPool2DWithIndicesBackward04": 0.003647179789841175,
    "ReluBackward016": 0.001817011859966442,
    "ConvolutionBackward014": 0.012275459230877458,
    "AccumulateGrad34": 5.550159839913249e-06,
    "AccumulateGrad35": 5.735299782827496e-06,
    "ReluBackward017": 0.0018181780399754643,
    "ConvolutionBackward015": 0.001862091929651797,
    "AccumulateGrad36": 5.625600460916758e-06,
    "AccumulateGrad37": 5.634120898321271e-06,
    "optimizer_zero": 0.00045817838981747626,
    "optimizer_step": 0.001391313400818035
}