{
    "x": 1.3826065696775914e-07,
    "features_0": 0.0005588252295274287,
    "features_1": 0.0003039123606868088,
    "features_2": 0.001332741609076038,
    "features_3": 0.0003037407400552183,
    "features_4": 0.0002708309900481254,
    "features_5": 0.000515929760877043,
    "features_6": 0.00015421858988702298,
    "features_7": 0.0007874101703055203,
    "features_8": 0.000154289030469954,
    "features_9": 0.00013657285016961397,
    "features_10": 0.0003874772600829601,
    "features_11": 7.947455975227058e-05,
    "features_12": 0.0006377884501125664,
    "features_13": 7.956904941238464e-05,
    "features_14": 0.0006451556994579732,
    "features_15": 7.946804980747401e-05,
    "features_16": 0.0006442138296552003,
    "features_17": 7.943418924696743e-05,
    "features_18": 7.20747490413487e-05,
    "features_19": 0.0003197165497113019,
    "features_20": 1.782987965270877e-05,
    "features_21": 0.0005662895704153925,
    "features_22": 1.8043890595436096e-05,
    "features_23": 0.0005702774203382433,
    "features_24": 1.7961630364879967e-05,
    "features_25": 0.0005686847399920225,
    "features_26": 2.1390540059655904e-05,
    "features_27": 3.8955719210207464e-05,
    "features_28": 0.00017248499905690552,
    "features_29": 1.608323073014617e-05,
    "features_30": 0.00017237800057046115,
    "features_31": 1.6072309808805585e-05,
    "features_32": 0.00017250564065761863,
    "features_33": 1.62203807849437e-05,
    "features_34": 0.00017206502030603588,
    "features_35": 1.6281590797007083e-05,
    "features_36": 2.062779967673123e-05,
    "avgpool": 3.930127015337348e-05,
    "flatten": 2.8635503258556127e-06,
    "classifier_0": 0.00032638521050103007,
    "classifier_1": 1.6057080356404184e-05,
    "classifier_2": 2.3277450818568468e-05,
    "classifier_3": 0.00014395534992218018,
    "classifier_4": 1.6003269702196122e-05,
    "classifier_5": 2.324789995327592e-05,
    "classifier_6": 5.3509699646383525e-05,
    "output": 2.1841027773916723e-07,
    "AddmmBackward00": 3.484835964627564e-05,
    "AccumulateGrad0": 6.1402702704071995e-06,
    "TBackward00": 1.4713406562805175e-06,
    "AccumulateGrad1": 1.0915080783888698e-05,
    "NativeDropoutBackward00": 8.071670308709144e-06,
    "ReluBackward00": 8.234170963987709e-06,
    "AddmmBackward01": 0.00012809163075871765,
    "AccumulateGrad2": 6.026049377396703e-06,
    "TBackward01": 1.476650359109044e-06,
    "AccumulateGrad3": 0.00010212125023826957,
    "NativeDropoutBackward01": 8.081380510702729e-06,
    "ReluBackward01": 8.317920146510005e-06,
    "AddmmBackward02": 0.0005925000994466245,
    "AccumulateGrad4": 6.0382799711078406e-06,
    "TBackward02": 1.4734501019120217e-06,
    "AccumulateGrad5": 0.000603415269870311,
    "ReshapeAliasBackward00": 1.4179502613842488e-06,
    "AdaptiveAvgPool2DBackward00": 3.467103000730276e-05,
    "MaxPool2DWithIndicesBackward00": 3.6262299399822954e-05,
    "ReluBackward02": 8.569699712097645e-06,
    "ConvolutionBackward00": 0.0004203466104809195,
    "AccumulateGrad6": 7.670919876545667e-06,
    "AccumulateGrad7": 5.994490347802639e-06,
    "ReluBackward03": 8.224949706345796e-06,
    "ConvolutionBackward01": 0.00042024252004921434,
    "AccumulateGrad8": 7.669220212846995e-06,
    "AccumulateGrad9": 6.055010017007589e-06,
    "ReluBackward04": 8.183980826288462e-06,
    "ConvolutionBackward02": 0.0004204142396338284,
    "AccumulateGrad10": 7.63164018280804e-06,
    "AccumulateGrad11": 6.090370006859302e-06,
    "ReluBackward05": 8.332760771736502e-06,
    "ConvolutionBackward03": 0.00041570444940589366,
    "AccumulateGrad12": 7.679139962419867e-06,
    "AccumulateGrad13": 6.187950493767857e-06,
    "MaxPool2DWithIndicesBackward01": 0.00012124383938498795,
    "ReluBackward06": 6.11144897993654e-05,
    "ConvolutionBackward04": 0.001206933850189671,
    "AccumulateGrad14": 7.693560328334569e-06,
    "AccumulateGrad15": 6.195469759404659e-06,
    "ReluBackward07": 6.107381894253194e-05,
    "ConvolutionBackward05": 0.001207943329354748,
    "AccumulateGrad16": 7.667309837415815e-06,
    "AccumulateGrad17": 6.07083085924387e-06,
    "ReluBackward08": 6.109153968282043e-05,
    "ConvolutionBackward06": 0.0012077062902972101,
    "AccumulateGrad18": 7.674529915675522e-06,
    "AccumulateGrad19": 6.066230125725269e-06,
    "ReluBackward09": 6.100518978200853e-05,
    "ConvolutionBackward07": 0.0006785495404619723,
    "AccumulateGrad20": 6.207390688359738e-06,
    "AccumulateGrad21": 6.061109015718102e-06,
    "MaxPool2DWithIndicesBackward02": 0.00023321348009631038,
    "ReluBackward010": 0.00011758010019548237,
    "ConvolutionBackward08": 0.0013199371995870025,
    "AccumulateGrad22": 6.004610331729054e-06,
    "AccumulateGrad23": 6.025650072842837e-06,
    "ReluBackward011": 0.00011763861053623259,
    "ConvolutionBackward09": 0.001320383829297498,
    "AccumulateGrad24": 6.210599094629288e-06,
    "AccumulateGrad25": 6.071239477023483e-06,
    "ReluBackward012": 0.00011754203005693853,
    "ConvolutionBackward010": 0.001320305090630427,
    "AccumulateGrad26": 6.103400373831391e-06,
    "AccumulateGrad27": 6.013830425217748e-06,
    "ReluBackward013": 0.00011766657000407577,
    "ConvolutionBackward011": 0.0008291906595695764,
    "AccumulateGrad28": 6.219010101631284e-06,
    "AccumulateGrad29": 6.046090275049209e-06,
    "MaxPool2DWithIndicesBackward03": 0.0004592549498192966,
    "ReluBackward014": 0.00023152982932515443,
    "ConvolutionBackward012": 0.001750032309209928,
    "AccumulateGrad30": 6.068629445508122e-06,
    "AccumulateGrad31": 6.054709665477276e-06,
    "ReluBackward015": 0.00023156449082307518,
    "ConvolutionBackward013": 0.0013192399998661131,
    "AccumulateGrad32": 6.071029929444194e-06,
    "AccumulateGrad33": 6.047589704394341e-06,
    "MaxPool2DWithIndicesBackward04": 0.0009158869099337608,
    "ReluBackward016": 0.00045788769028149546,
    "ConvolutionBackward014": 0.0031560176599305123,
    "AccumulateGrad34": 6.060820305719972e-06,
    "AccumulateGrad35": 6.033370736986399e-06,
    "ReluBackward017": 0.0004578105499967933,
    "ConvolutionBackward015": 0.0005697776901070028,
    "AccumulateGrad36": 6.097190780565143e-06,
    "AccumulateGrad37": 6.025440525263548e-06,
    "optimizer_zero": 0.000460007059155032,
    "optimizer_step": 0.0013910299295093864
}