{
    "x": 1.177797093987465e-07,
    "features_0": 0.0008658273238688707,
    "features_1": 0.0005018261400982737,
    "features_2": 0.0032358937384560703,
    "features_3": 0.0005019186995923519,
    "features_4": 0.00045539445243775845,
    "features_5": 0.0015617077006027102,
    "features_6": 0.00025253168772906067,
    "features_7": 0.002698193020187318,
    "features_8": 0.00025255199987441303,
    "features_9": 0.00022796455305069686,
    "features_10": 0.0010892788413912058,
    "features_11": 0.00012806990183889867,
    "features_12": 0.00176732765045017,
    "features_13": 0.00012810236774384975,
    "features_14": 0.001763401450589299,
    "features_15": 0.0001279746787622571,
    "features_16": 0.0017607006011530757,
    "features_17": 0.00012800482101738453,
    "features_18": 0.00011589378118515015,
    "features_19": 0.0009297712007537484,
    "features_20": 6.57636858522892e-05,
    "features_21": 0.0016326868021860719,
    "features_22": 6.577649153769016e-05,
    "features_23": 0.0016353328060358763,
    "features_24": 6.57946290448308e-05,
    "features_25": 0.0016406627278774976,
    "features_26": 6.570559926331044e-05,
    "features_27": 6.154678296297788e-05,
    "features_28": 0.0005887871095910668,
    "features_29": 1.5621837228536606e-05,
    "features_30": 0.0005808862298727035,
    "features_31": 1.4657550491392612e-05,
    "features_32": 0.0005770217394456267,
    "features_33": 1.4597689732909202e-05,
    "features_34": 0.0005764187220484018,
    "features_35": 1.4720861800014973e-05,
    "features_36": 2.062771003693342e-05,
    "avgpool": 5.390412174165249e-05,
    "flatten": 2.7684960514307023e-06,
    "classifier_0": 0.0007634724676609039,
    "classifier_1": 1.4204620383679866e-05,
    "classifier_2": 2.3585129529237747e-05,
    "classifier_3": 0.00015003285836428403,
    "classifier_4": 1.4055753126740456e-05,
    "classifier_5": 2.364716958254576e-05,
    "classifier_6": 4.837713669985533e-05,
    "output": 2.1622050553560256e-07,
    "AddmmBackward00": 7.443026639521122e-05,
    "AccumulateGrad0": 6.320350803434849e-06,
    "TBackward00": 1.5360582619905471e-06,
    "AccumulateGrad1": 4.2932052165269854e-05,
    "FusedDropoutBackward00": 1.0204231366515159e-05,
    "ReluBackward00": 9.442819282412529e-06,
    "AddmmBackward01": 0.0002262419229373336,
    "AccumulateGrad2": 6.357310339808464e-06,
    "TBackward01": 1.546819694340229e-06,
    "AccumulateGrad3": 0.0001662544719874859,
    "FusedDropoutBackward01": 1.366577111184597e-05,
    "ReluBackward01": 9.6925999969244e-06,
    "AddmmBackward02": 0.001238892967812717,
    "AccumulateGrad4": 8.654678240418434e-06,
    "TBackward02": 2.7370126917958258e-06,
    "AccumulateGrad5": 0.0010018612537533046,
    "ReshapeAliasBackward00": 1.5149405226111412e-06,
    "AdaptiveAvgPool2DBackward00": 4.560076165944338e-05,
    "MaxPool2DWithIndicesBackward00": 5.405745003372431e-05,
    "ReluBackward02": 2.7130809612572194e-05,
    "AddBackward00": 5.933502689003945e-07,
    "ReshapeAliasBackward01": 1.4785584062337875e-06,
    "AccumulateGrad6": 6.544268690049648e-06,
    "CudnnConvolutionBackward00": 0.0010875301994383334,
    "AccumulateGrad7": 2.6107882149517536e-05,
    "ReluBackward03": 2.70511070266366e-05,
    "AddBackward01": 4.2939092963933945e-07,
    "ReshapeAliasBackward02": 1.1110818013548852e-06,
    "AccumulateGrad8": 4.664971493184567e-06,
    "CudnnConvolutionBackward01": 0.0010888828802853823,
    "AccumulateGrad9": 2.5954879820346832e-05,
    "ReluBackward04": 2.699045930057764e-05,
    "AddBackward02": 4.3134205043315885e-07,
    "ReshapeAliasBackward03": 1.065586693584919e-06,
    "AccumulateGrad10": 4.6678399667143824e-06,
    "CudnnConvolutionBackward02": 0.0010888626286759972,
    "AccumulateGrad11": 2.604458015412092e-05,
    "ReluBackward05": 2.700570970773697e-05,
    "AddBackward03": 4.3063890188932417e-07,
    "ReshapeAliasBackward04": 1.0501034557819366e-06,
    "AccumulateGrad12": 4.651709459722042e-06,
    "CudnnConvolutionBackward03": 0.0010869334498420358,
    "AccumulateGrad13": 2.604481764137745e-05,
    "MaxPool2DWithIndicesBackward01": 0.00018701863940805195,
    "ReluBackward06": 9.648893028497696e-05,
    "AddBackward04": 4.1697174310684207e-07,
    "ReshapeAliasBackward05": 1.0805297642946244e-06,
    "AccumulateGrad14": 4.58909198641777e-06,
    "CudnnConvolutionBackward04": 0.002943025850690901,
    "AccumulateGrad15": 2.6219650171697138e-05,
    "ReluBackward07": 9.66359069570899e-05,
    "AddBackward05": 4.3220818042755125e-07,
    "ReshapeAliasBackward06": 1.0733678936958313e-06,
    "AccumulateGrad16": 4.694750532507896e-06,
    "CudnnConvolutionBackward05": 0.0029472029814496636,
    "AccumulateGrad17": 2.59888032451272e-05,
    "ReluBackward08": 9.6517289057374e-05,
    "AddBackward06": 4.5048072934150695e-07,
    "ReshapeAliasBackward07": 1.0850094258785248e-06,
    "AccumulateGrad18": 4.6449108049273495e-06,
    "CudnnConvolutionBackward06": 0.0029450852377340196,
    "AccumulateGrad19": 2.5902409106492996e-05,
    "ReluBackward09": 9.6530606970191e-05,
    "AddBackward07": 4.288693889975548e-07,
    "ReshapeAliasBackward08": 1.0767998173832893e-06,
    "AccumulateGrad20": 4.652692005038261e-06,
    "CudnnConvolutionBackward07": 0.0016545935487374663,
    "AccumulateGrad21": 9.456868283450604e-06,
    "MaxPool2DWithIndicesBackward02": 0.00035582271870225667,
    "ReluBackward010": 0.00018896567169576883,
    "AddBackward08": 5.090190097689628e-07,
    "ReshapeAliasBackward09": 1.1828728020191192e-06,
    "AccumulateGrad22": 5.113501101732254e-06,
    "CudnnConvolutionBackward08": 0.003324446459300816,
    "AccumulateGrad23": 5.876072682440281e-06,
    "ReluBackward011": 0.00018896396271884442,
    "AddBackward09": 4.5560766011476515e-07,
    "ReshapeAliasBackward010": 1.0850420221686364e-06,
    "AccumulateGrad24": 4.665059968829155e-06,
    "CudnnConvolutionBackward09": 0.0033249112404882906,
    "AccumulateGrad25": 5.749147385358811e-06,
    "ReluBackward012": 0.0001888212515041232,
    "AddBackward010": 4.2623840272426607e-07,
    "ReshapeAliasBackward011": 1.0702013969421386e-06,
    "AccumulateGrad26": 4.900661297142506e-06,
    "CudnnConvolutionBackward010": 0.0033258767426013946,
    "AccumulateGrad27": 5.7514989748597145e-06,
    "ReluBackward013": 0.0001890283217653632,
    "AddBackward011": 4.5638065785169604e-07,
    "ReshapeAliasBackward012": 1.0748440399765968e-06,
    "AccumulateGrad28": 4.611252807080746e-06,
    "CudnnConvolutionBackward011": 0.0019487512530758978,
    "AccumulateGrad29": 4.579131491482258e-06,
    "MaxPool2DWithIndicesBackward03": 0.000697069582529366,
    "ReluBackward014": 0.0003734998498111963,
    "AddBackward012": 4.4507905840873716e-07,
    "ReshapeAliasBackward013": 1.0715192183852197e-06,
    "AccumulateGrad30": 4.651281051337719e-06,
    "CudnnConvolutionBackward012": 0.005485725211910903,
    "AccumulateGrad31": 4.868968389928341e-06,
    "ReluBackward015": 0.0003936783596873283,
    "AddBackward013": 4.3089967221021653e-07,
    "ReshapeAliasBackward014": 1.3495096936821938e-06,
    "AccumulateGrad32": 4.900852218270302e-06,
    "CudnnConvolutionBackward013": 0.0033589801238849758,
    "AccumulateGrad33": 4.632561467587948e-06,
    "MaxPool2DWithIndicesBackward04": 0.0013866058085113763,
    "ReluBackward016": 0.0007429395010694861,
    "AddBackward014": 4.401709884405136e-07,
    "ReshapeAliasBackward015": 1.0752491652965545e-06,
    "AccumulateGrad34": 4.668510518968105e-06,
    "CudnnConvolutionBackward014": 0.008532116347923875,
    "AccumulateGrad35": 4.603210836648941e-06,
    "ReluBackward017": 0.0007428575586527586,
    "AddBackward015": 4.4354237616062164e-07,
    "ReshapeAliasBackward016": 1.0664202272891998e-06,
    "AccumulateGrad36": 4.656449891626835e-06,
    "CudnnConvolutionBackward015": 0.0007947993464767933,
    "AccumulateGrad37": 4.561012610793114e-06,
    "optimizer_zero": 0.00102419039234519,
    "optimizer_step": 0.002173549188300967
}