{
    "x": 0,
    "features_0": 7.130421943477325e-13,
    "features_1": 6.589787456549559e-14,
    "features_2": 1.509717337737668e-12,
    "features_3": 9.721954134866366e-14,
    "features_4": 1.3961067105624133e-12,
    "features_5": 2.97884634613431e-11,
    "features_6": 9.920843747207586e-14,
    "features_7": 1.7561312314665105e-11,
    "features_8": 5.6116513249487234e-14,
    "features_9": 7.644566075838534e-14,
    "features_10": 4.904108581635407e-12,
    "features_11": 7.342729243400693e-14,
    "features_12": 9.570808440805837e-11,
    "features_13": 6.24963330748885e-14,
    "features_14": 5.303297960780183e-10,
    "features_15": 5.193673483663687e-14,
    "features_16": 3.707090907528589e-11,
    "features_17": 6.969761778232504e-14,
    "features_18": 1.0996604043058626e-12,
    "features_19": 2.9204541684285655e-12,
    "features_20": 3.313219608488189e-14,
    "features_21": 2.563356471770877e-13,
    "features_22": 8.960912165164376e-14,
    "features_23": 6.651972204641132e-14,
    "features_24": 7.469742475026593e-14,
    "features_25": 4.4077364756739096e-14,
    "features_26": 8.346740929594039e-14,
    "features_27": 5.604916339920614e-09,
    "features_28": 8.139884457538443e-14,
    "features_29": 5.831874093403491e-13,
    "features_30": 2.3569927298485977e-13,
    "features_31": 3.542851472503898e-13,
    "features_32": 1.1798309300987193e-13,
    "features_33": 3.9661113467982177e-13,
    "features_34": 4.220296382809494e-13,
    "features_35": 2.7278710347676693e-14,
    "features_36": 9.891369976175765e-14,
    "avgpool": 4.240490339752089e-14,
    "flatten": 3.762107909150498e-15,
    "classifier_0": 1.3784887932618345e-13,
    "classifier_1": 3.4677522331284644e-14,
    "classifier_2": 7.677821639457774e-13,
    "classifier_3": 1.1438343687054312e-13,
    "classifier_4": 4.1794074701833546e-13,
    "classifier_5": 3.172827666589174e-14,
    "classifier_6": 9.762766210084543e-13,
    "output": 8.170107168928299e-15,
    "AddmmBackward00": 2.706671621256377e-13,
    "AccumulateGrad0": 4.345928902243439e-15,
    "TBackward00": 1.2484713542688777e-15,
    "AccumulateGrad1": 5.513239363498358e-16,
    "FusedDropoutBackward00": 1.1056054702153331e-14,
    "ReluBackward00": 1.2208054807223237e-14,
    "AddmmBackward01": 7.752352340802126e-14,
    "AccumulateGrad2": 2.622231474203966e-13,
    "TBackward01": 1.3572867993493712e-15,
    "AccumulateGrad3": 5.2631441257691397e-14,
    "FusedDropoutBackward01": 9.214871559669787e-15,
    "ReluBackward01": 2.970249904443106e-14,
    "AddmmBackward02": 6.216228285636396e-13,
    "AccumulateGrad4": 2.2051040731522104e-13,
    "TBackward02": 1.4839059764910128e-15,
    "AccumulateGrad5": 7.790753150629628e-14,
    "ReshapeAliasBackward00": 1.6792303706883756e-15,
    "AdaptiveAvgPool2DBackward00": 7.227451758215795e-15,
    "MaxPool2DWithIndicesBackward00": 1.6057018393345365e-14,
    "ReluBackward02": 7.258239052226273e-15,
    "AddBackward00": 1.6530560678012443e-15,
    "ReshapeAliasBackward01": 1.4421921411729895e-15,
    "AccumulateGrad6": 4.14165280485564e-15,
    "CudnnConvolutionBackward00": 6.092700584499345e-14,
    "AccumulateGrad7": 1.4647402696607888e-15,
    "ReluBackward03": 3.568009709060805e-14,
    "AddBackward01": 1.7536909665565191e-15,
    "ReshapeAliasBackward02": 2.5389404120779165e-15,
    "AccumulateGrad8": 2.639021813577447e-15,
    "CudnnConvolutionBackward01": 9.847722283173413e-14,
    "AccumulateGrad9": 1.092349204916903e-15,
    "ReluBackward04": 1.8229979459346972e-13,
    "AddBackward02": 1.5003113768702335e-15,
    "ReshapeAliasBackward03": 9.852729164946023e-16,
    "AccumulateGrad10": 2.7487793149385324e-13,
    "CudnnConvolutionBackward02": 3.4074960156745454e-14,
    "AccumulateGrad11": 2.0191076819756996e-15,
    "ReluBackward05": 4.908352861885771e-14,
    "AddBackward03": 2.1390459812371038e-15,
    "ReshapeAliasBackward04": 8.643573896750646e-16,
    "AccumulateGrad12": 3.0382086940804958e-15,
    "CudnnConvolutionBackward03": 1.1961200367845148e-13,
    "AccumulateGrad13": 1.3417448067432827e-13,
    "MaxPool2DWithIndicesBackward01": 1.917574149184221e-09,
    "ReluBackward06": 2.2111049391889308e-14,
    "AddBackward04": 2.4390644789367632e-15,
    "ReshapeAliasBackward05": 1.54594106035096e-13,
    "AccumulateGrad14": 5.140284152224055e-15,
    "CudnnConvolutionBackward04": 2.244303974916237e-13,
    "AccumulateGrad15": 2.4639886967190193e-15,
    "ReluBackward07": 4.290890839016139e-14,
    "AddBackward05": 1.9815407995005253e-15,
    "ReshapeAliasBackward06": 1.290817761321092e-15,
    "AccumulateGrad16": 3.1534952359675416e-15,
    "CudnnConvolutionBackward05": 1.0773596018357541e-10,
    "AccumulateGrad17": 6.550280283457166e-15,
    "ReluBackward08": 8.433979932267096e-14,
    "AddBackward06": 2.927498232256169e-15,
    "ReshapeAliasBackward07": 2.2512564006269926e-15,
    "AccumulateGrad18": 1.8067766948851347e-13,
    "CudnnConvolutionBackward06": 5.0209790620173826e-11,
    "AccumulateGrad19": 1.4810104338890284e-15,
    "ReluBackward09": 1.0651748293681287e-13,
    "AddBackward07": 1.6718300162464771e-15,
    "ReshapeAliasBackward08": 1.2451624656119784e-15,
    "AccumulateGrad20": 2.4042762379759983e-15,
    "CudnnConvolutionBackward07": 3.754959835517208e-11,
    "AccumulateGrad21": 1.6482253447882814e-15,
    "MaxPool2DWithIndicesBackward02": 1.3495935079364963e-14,
    "ReluBackward010": 1.2619303268241517e-13,
    "AddBackward08": 1.825103267783265e-15,
    "ReshapeAliasBackward09": 1.4824445924294102e-15,
    "AccumulateGrad22": 3.0428155512698184e-13,
    "CudnnConvolutionBackward08": 1.892217262748553e-13,
    "AccumulateGrad23": 4.831131058474152e-15,
    "ReluBackward011": 7.689753947897708e-14,
    "AddBackward09": 1.9918047005336294e-15,
    "ReshapeAliasBackward010": 1.392853449283218e-15,
    "AccumulateGrad24": 3.622112761153231e-15,
    "CudnnConvolutionBackward09": 1.118589427479472e-10,
    "AccumulateGrad25": 5.286414848502181e-15,
    "ReluBackward012": 3.2848526681328625e-14,
    "AddBackward010": 1.7950947441465934e-15,
    "ReshapeAliasBackward011": 1.6121070768824556e-15,
    "AccumulateGrad26": 5.625026148959384e-16,
    "CudnnConvolutionBackward010": 6.80265702618674e-11,
    "AccumulateGrad27": 5.440034056905518e-15,
    "ReluBackward013": 9.588659534586085e-14,
    "AddBackward011": 1.162843066436646e-15,
    "ReshapeAliasBackward012": 1.532943537250722e-14,
    "AccumulateGrad28": 4.012773042090986e-15,
    "CudnnConvolutionBackward011": 8.874177783913127e-14,
    "AccumulateGrad29": 5.011316785923863e-15,
    "MaxPool2DWithIndicesBackward03": 2.4535281622766104e-11,
    "ReluBackward014": 7.793903302451122e-14,
    "AddBackward012": 2.6478251497239235e-15,
    "ReshapeAliasBackward013": 2.1095637052415745e-15,
    "AccumulateGrad30": 1.2951986223499715e-14,
    "CudnnConvolutionBackward012": 1.1103588201497695e-11,
    "AccumulateGrad31": 5.340591876913504e-15,
    "ReluBackward015": 1.0268741962073576e-13,
    "AddBackward013": 2.655269546867407e-15,
    "ReshapeAliasBackward014": 1.5298647042481332e-15,
    "AccumulateGrad32": 4.601042854004977e-15,
    "CudnnConvolutionBackward013": 2.7622126653871326e-13,
    "AccumulateGrad33": 1.9777100987940374e-14,
    "MaxPool2DWithIndicesBackward04": 5.2075719219088804e-14,
    "ReluBackward016": 5.302837206767114e-13,
    "AddBackward014": 3.790223921755024e-15,
    "ReshapeAliasBackward015": 2.2696086185205096e-15,
    "AccumulateGrad34": 3.0699918359781513e-13,
    "CudnnConvolutionBackward014": 5.255844302407615e-13,
    "AccumulateGrad35": 7.359192248646007e-15,
    "ReluBackward017": 8.170112081568808e-14,
    "AddBackward015": 1.9735284008855676e-15,
    "ReshapeAliasBackward016": 1.4204869919209884e-15,
    "AccumulateGrad36": 2.6267091559324507e-15,
    "CudnnConvolutionBackward015": 1.987110143772551e-12,
    "AccumulateGrad37": 6.630441301134277e-15,
    "optimizer_zero": 6.746309252459664e-14,
    "optimizer_step": 4.869069503298117e-13
}