{
    "x": 2.1139858290553093e-08,
    "features_0": 0.0003229335602372885,
    "features_1": 1.660982030443847e-05,
    "features_2": 0.00013617479999084026,
    "features_3": 1.4976859674789011e-05,
    "features_4": 3.47893702564761e-05,
    "features_5": 0.0019059506000485271,
    "features_6": 0.0006513942300807685,
    "features_7": 0.0026477639604127034,
    "features_8": 0.0005507536901859566,
    "features_9": 0.0003103642398491502,
    "features_10": 0.0010549931402783841,
    "features_11": 0.00036926748987752944,
    "features_12": 0.0015151890803826974,
    "features_13": 0.0002753877203213051,
    "features_14": 0.0007475245196837932,
    "features_15": 0.0001634314702823758,
    "features_16": 0.00026935642003081737,
    "features_17": 0.001126717709703371,
    "features_18": 0.00027204465004615486,
    "features_19": 0.0011310550401685759,
    "features_20": 0.00014185705047566443,
    "features_21": 0.000623630519839935,
    "features_22": 9.890549001283943e-05,
    "features_23": 0.00022868232044856996,
    "features_24": 0.0009551649197237566,
    "features_25": 0.00022828518005553632,
    "features_26": 0.0009553995600435883,
    "features_27": 7.326986000407488e-05,
    "features_28": 0.0003018835501279682,
    "features_29": 2.8989599668420853e-05,
    "features_30": 5.8995629660785196e-05,
    "avgpool": 7.590129971504211e-05,
    "flatten": 3.3467699540778994e-06,
    "classifier_0": 0.0006648789002792909,
    "classifier_1": 2.3089660098776223e-05,
    "classifier_2": 2.3922109976410864e-05,
    "classifier_3": 4.615015001036227e-05,
    "classifier_4": 1.4450669987127185e-05,
    "classifier_5": 2.217222994659096e-05,
    "classifier_6": 0.00012952506018336861,
    "output": 1.4858029317110778e-07,
    "SelectBackward0": 1.3764179893769324e-05,
    "AddmmBackward0": 3.122180001810193e-05,
    "AccumulateGrad0": 5.1005498971790075e-06,
    "TBackward0": 1.415250007994473e-06,
    "AccumulateGrad1": 4.970310255885124e-06,
    "FusedDropoutBackward0": 7.175039499998093e-06,
    "ReluBackward10": 6.924269837327302e-06,
    "AddmmBackward1": 4.1728770011104647e-05,
    "AccumulateGrad2": 4.926230176351965e-06,
    "TBackward1": 1.2902100570499897e-06,
    "AccumulateGrad3": 4.883849760517478e-06,
    "FusedDropoutBackward1": 7.234349614009261e-06,
    "ReluBackward11": 6.782610435038805e-06,
    "AddmmBackward2": 3.80498799495399e-05,
    "AccumulateGrad4": 4.975920310243964e-06,
    "TBackward2": 1.2599601177498699e-06,
    "AccumulateGrad5": 4.901380161754787e-06,
    "ViewBackward0": 1.3841001782566309e-06,
    "AdaptiveAvgPool2DBackward0": 1.4051019679754972e-05,
    "MaxPool2DWithIndicesBackward0": 9.819575992878527e-05,
    "ReluBackward12": 1.846398983616382e-05,
    "AddBackward00": 3.4793978556990626e-07,
    "ViewBackward1": 1.2775999493896961e-06,
    "AccumulateGrad6": 4.905789974145591e-06,
    "CudnnConvolutionBackward0": 0.0002351469302084297,
    "AccumulateGrad7": 4.935149918310344e-06,
    "ReluBackward13": 6.953229894861579e-06,
    "AddBackward01": 3.415404353290796e-07,
    "ViewBackward2": 1.300040166825056e-06,
    "AccumulateGrad8": 4.915809840895236e-06,
    "CudnnConvolutionBackward1": 0.0004601022700080648,
    "AccumulateGrad9": 4.936549812555313e-06,
    "ReluBackward14": 5.303145037032664e-05,
    "AddBackward02": 3.5035016480833293e-07,
    "ViewBackward3": 1.294619869440794e-06,
    "AccumulateGrad10": 7.13164103217423e-05,
    "CudnnConvolutionBackward2": 0.0005730933404993265,
    "AccumulateGrad11": 4.960100050084293e-06,
    "MaxPool2DWithIndicesBackward1": 0.00012885369011200965,
    "ReluBackward15": 7.301288947928696e-05,
    "AddBackward03": 3.4994969610124827e-07,
    "ViewBackward4": 1.3112497981637715e-06,
    "AccumulateGrad12": 7.116861990652979e-05,
    "CudnnConvolutionBackward3": 0.0007736949599348008,
    "AccumulateGrad13": 0.000179494769545272,
    "ReluBackward16": 0.0002318248001392931,
    "AddBackward04": 3.5637000110000374e-07,
    "ViewBackward5": 1.3137602945789695e-06,
    "AccumulateGrad14": 0.0002298720396356657,
    "CudnnConvolutionBackward4": 0.0017954414000269025,
    "AccumulateGrad15": 0.0001795040798606351,
    "ReluBackward17": 0.00023182920995168388,
    "AddBackward05": 3.4575001336634157e-07,
    "ViewBackward6": 1.3021501945331693e-06,
    "AccumulateGrad16": 0.00022982835944276303,
    "CudnnConvolutionBackward5": 0.0017605145799461752,
    "AccumulateGrad17": 1.882586977444589e-05,
    "MaxPool2DWithIndicesBackward2": 0.000263783170375973,
    "ReluBackward18": 0.00013993306027259677,
    "AddBackward06": 3.5767036024481056e-07,
    "ViewBackward7": 1.3560301158577203e-06,
    "AccumulateGrad18": 0.00013767152035143226,
    "CudnnConvolutionBackward6": 0.0014010300999507308,
    "AccumulateGrad19": 3.281236975453794e-05,
    "ReluBackward19": 0.0002346835599746555,
    "AddBackward07": 3.4413998946547507e-07,
    "ViewBackward8": 1.2881099246442319e-06,
    "AccumulateGrad20": 0.00027076376019977036,
    "CudnnConvolutionBackward7": 0.0021679724095156417,
    "AccumulateGrad21": 3.2796540181152524e-05,
    "ReluBackward110": 0.00023485618992708624,
    "AddBackward08": 3.4915981814265254e-07,
    "ViewBackward9": 1.2985302601009608e-06,
    "AccumulateGrad22": 0.0002709116303594783,
    "CudnnConvolutionBackward8": 0.002168650079984218,
    "AccumulateGrad23": 3.287910018116236e-05,
    "MaxPool2DWithIndicesBackward3": 0.0003029362199595198,
    "ReluBackward111": 0.00016097877989523112,
    "AddBackward09": 3.5646022297441957e-07,
    "ViewBackward10": 1.3092602603137492e-06,
    "AccumulateGrad24": 0.00015933279995806516,
    "CudnnConvolutionBackward9": 0.0022265201003756376,
    "AccumulateGrad25": 0.000256941260304302,
    "ReluBackward112": 0.0003002246399410069,
    "AddBackward010": 3.4494034480303524e-07,
    "ViewBackward11": 1.2983300257474184e-06,
    "AccumulateGrad26": 0.00029874548024963585,
    "CudnnConvolutionBackward10": 0.0025496289099100978,
    "AccumulateGrad27": 5.637150024995208e-05,
    "MaxPool2DWithIndicesBackward4": 0.0004560484702233225,
    "ReluBackward113": 0.00024304824008140714,
    "AddBackward011": 3.5737000871449707e-07,
    "ViewBackward12": 1.3069395208731293e-06,
    "AccumulateGrad28": 0.00024138931999914348,
    "CudnnConvolutionBackward11": 0.003903764570131898,
    "AccumulateGrad29": 0.00010754748014733195,
    "ReluBackward114": 0.0005317654099781066,
    "AddBackward012": 3.552599810063839e-07,
    "ViewBackward13": 1.3013300485908985e-06,
    "AccumulateGrad30": 0.0006093725003302097,
    "CudnnConvolutionBackward12": 0.0012307671300368383,
    "AccumulateGrad31": 0.0006088881002506241,
    "optimizer_zero": 0.004489365040208213,
    "optimizer_step": 0.0010577564098639414
}