{
    "x": 2.1239975467324256e-08,
    "features_0": 0.00034878141013905406,
    "features_1": 1.603994984179735e-05,
    "features_2": 0.0001581975701265037,
    "features_3": 1.4130970230326057e-05,
    "features_4": 3.56287497561425e-05,
    "features_5": 0.0018541134300176054,
    "features_6": 0.0006510126194916666,
    "features_7": 0.002647295180358924,
    "features_8": 0.000550854480243288,
    "features_9": 0.0003103929996723309,
    "features_10": 0.0010564567800611258,
    "features_11": 0.0003681647300254554,
    "features_12": 0.0015215675299987198,
    "features_13": 0.0002753734902944416,
    "features_14": 0.0007451905496418476,
    "features_15": 0.000163135519833304,
    "features_16": 0.0011993921594694256,
    "features_17": 0.00019299655978102236,
    "features_18": 0.0002684355899691582,
    "features_19": 0.0011247244698461146,
    "features_20": 0.00027398950012866405,
    "features_21": 0.0011371207900810988,
    "features_22": 0.0001415684196399525,
    "features_23": 0.0006230575504014269,
    "features_24": 9.87404800252989e-05,
    "features_25": 0.0010550602700095625,
    "features_26": 0.00012691606010776013,
    "features_27": 0.00022805323998909444,
    "features_28": 0.0009558089199708775,
    "features_29": 0.00022844587976578623,
    "features_30": 0.0009566675301175564,
    "features_31": 7.301428995560854e-05,
    "features_32": 0.00030111090978607536,
    "features_33": 2.8595480252988636e-05,
    "features_34": 0.0002861271396977827,
    "features_35": 2.8341590077616274e-05,
    "features_36": 5.863004014827311e-05,
    "avgpool": 7.480372965801507e-05,
    "flatten": 3.3440603874623774e-06,
    "classifier_0": 0.0007444029697217048,
    "classifier_1": 1.4198300195857883e-05,
    "classifier_2": 2.483853022567928e-05,
    "classifier_3": 4.622819949872792e-05,
    "classifier_4": 1.4165440225042403e-05,
    "classifier_5": 2.1901029977016152e-05,
    "classifier_6": 0.00013925518025644122,
    "output": 1.6160018276423216e-07,
    "SelectBackward0": 1.4657059800811112e-05,
    "AddmmBackward0": 3.15669400151819e-05,
    "AccumulateGrad0": 5.209560040384531e-06,
    "TBackward0": 1.3096502516418695e-06,
    "AccumulateGrad1": 5.047550075687468e-06,
    "FusedDropoutBackward0": 7.449850090779364e-06,
    "ReluBackward10": 7.365199853666127e-06,
    "AddmmBackward1": 4.308242001570761e-05,
    "AccumulateGrad2": 5.026920116506517e-06,
    "TBackward1": 1.3015401782467962e-06,
    "AccumulateGrad3": 4.999859957024455e-06,
    "FusedDropoutBackward1": 7.544729742221534e-06,
    "ReluBackward11": 7.080569630488753e-06,
    "AddmmBackward2": 3.9647879893891514e-05,
    "AccumulateGrad4": 5.006080027669668e-06,
    "TBackward2": 1.3166700955480338e-06,
    "AccumulateGrad5": 4.953780444338918e-06,
    "ViewBackward0": 1.3572501484304667e-06,
    "AdaptiveAvgPool2DBackward0": 1.1698919697664678e-05,
    "MaxPool2DWithIndicesBackward0": 9.409988997504115e-05,
    "ReluBackward12": 1.8622690113261342e-05,
    "AddBackward00": 3.5365985240787267e-07,
    "ViewBackward1": 1.2904196046292783e-06,
    "AccumulateGrad6": 5.002469988539815e-06,
    "CudnnConvolutionBackward0": 0.00023710279958322645,
    "AccumulateGrad7": 5.144839524291456e-06,
    "ReluBackward13": 7.294469978660345e-06,
    "AddBackward01": 3.4796015825122594e-07,
    "ViewBackward2": 1.4273799024522305e-06,
    "AccumulateGrad8": 4.977629869244993e-06,
    "CudnnConvolutionBackward1": 0.00045766149007249625,
    "AccumulateGrad9": 5.03283052239567e-06,
    "ReluBackward14": 5.259492958430201e-05,
    "AddBackward02": 3.5486009437590836e-07,
    "ViewBackward3": 1.2936198618263007e-06,
    "AccumulateGrad10": 7.141147973015904e-05,
    "CudnnConvolutionBackward2": 0.0005741438100812957,
    "AccumulateGrad11": 4.976720083504915e-06,
    "ReluBackward15": 5.2398060215637085e-05,
    "AddBackward03": 3.6258017644286155e-07,
    "ViewBackward4": 1.300040166825056e-06,
    "AccumulateGrad12": 7.102074974682182e-05,
    "CudnnConvolutionBackward3": 0.0005718611396150664,
    "AccumulateGrad13": 4.974220064468682e-06,
    "MaxPool2DWithIndicesBackward1": 0.00012774933013133703,
    "ReluBackward16": 7.28476798394695e-05,
    "AddBackward04": 3.600696800276637e-07,
    "ViewBackward5": 1.2931297533214092e-06,
    "AccumulateGrad14": 7.100382004864514e-05,
    "CudnnConvolutionBackward4": 0.00077278885000851,
    "AccumulateGrad15": 0.00017919050005730242,
    "ReluBackward17": 0.00023177521012257785,
    "AddBackward05": 3.5526987630873917e-07,
    "ViewBackward6": 1.297330018132925e-06,
    "AccumulateGrad16": 0.00022994077007751912,
    "CudnnConvolutionBackward5": 0.001795845860033296,
    "AccumulateGrad17": 0.00017932835966348647,
    "ReluBackward18": 0.0002317855297587812,
    "AddBackward06": 3.5586999729275704e-07,
    "ViewBackward7": 1.300139701925218e-06,
    "AccumulateGrad18": 0.00022992304002400488,
    "CudnnConvolutionBackward6": 0.0017957276501692832,
    "AccumulateGrad19": 0.0001791610399959609,
    "ReluBackward19": 0.00023185245983768255,
    "AddBackward07": 3.4745025914162395e-07,
    "ViewBackward8": 1.301729935221374e-06,
    "AccumulateGrad20": 0.000229909920017235,
    "CudnnConvolutionBackward7": 0.0017607189796399324,
    "AccumulateGrad21": 1.8969340017065407e-05,
    "MaxPool2DWithIndicesBackward2": 0.00026364101038780065,
    "ReluBackward110": 0.00013992434018291532,
    "AddBackward08": 3.582698991522193e-07,
    "ViewBackward9": 1.2975302524864674e-06,
    "AccumulateGrad22": 0.0001377115899231285,
    "CudnnConvolutionBackward8": 0.001401228200411424,
    "AccumulateGrad23": 3.281999030150473e-05,
    "ReluBackward111": 0.00023487302009016274,
    "AddBackward09": 3.5617034882307053e-07,
    "ViewBackward10": 1.294619869440794e-06,
    "AccumulateGrad24": 0.0002708576299482957,
    "CudnnConvolutionBackward9": 0.0021688802499556913,
    "AccumulateGrad25": 3.288079984486103e-05,
    "ReluBackward112": 0.00023488524020649494,
    "AddBackward010": 3.526598447933793e-07,
    "ViewBackward11": 1.302239834330976e-06,
    "AccumulateGrad26": 0.0002709749503992498,
    "CudnnConvolutionBackward10": 0.0021695606195135044,
    "AccumulateGrad27": 3.2740739989094436e-05,
    "ReluBackward113": 0.00023467364022508263,
    "AddBackward011": 3.5215984098613265e-07,
    "ViewBackward12": 1.2885202886536718e-06,
    "AccumulateGrad28": 0.0002707422198727727,
    "CudnnConvolutionBackward11": 0.002167962610255927,
    "AccumulateGrad29": 3.2838030019775036e-05,
    "MaxPool2DWithIndicesBackward3": 0.0003032463096315041,
    "ReluBackward114": 0.00016114829981233924,
    "AddBackward012": 3.5065982956439256e-07,
    "ViewBackward13": 1.2902100570499897e-06,
    "AccumulateGrad30": 0.00015959729033056646,
    "CudnnConvolutionBackward12": 0.002224368999595754,
    "AccumulateGrad31": 0.00025703774008434266,
    "ReluBackward115": 0.00030022143968380985,
    "AddBackward013": 3.464502515271306e-07,
    "ViewBackward14": 1.3022404164075851e-06,
    "AccumulateGrad32": 0.0002990451402729377,
    "CudnnConvolutionBackward13": 0.002550537349889055,
    "AccumulateGrad33": 5.6310400250367824e-05,
    "MaxPool2DWithIndicesBackward4": 0.0004558339697541669,
    "ReluBackward116": 0.0002428555698134005,
    "AddBackward014": 3.5757024306803943e-07,
    "ViewBackward15": 1.308960490860045e-06,
    "AccumulateGrad34": 0.00024121810973156243,
    "CudnnConvolutionBackward14": 0.0039014386595226823,
    "AccumulateGrad35": 0.0001076811400707811,
    "ReluBackward117": 0.0005304373399121686,
    "AddBackward015": 3.5757024306803943e-07,
    "ViewBackward16": 1.2882199371233583e-06,
    "AccumulateGrad36": 0.0006085839401930571,
    "CudnnConvolutionBackward15": 0.0012338282796554268,
    "AccumulateGrad37": 0.000608725810307078,
    "optimizer_zero": 0.004568370819906704,
    "optimizer_step": 0.0011571105604525655
}