{
    "x": 0,
    "features_0": 1.6869501419493928e-10,
    "features_1": 2.0628175623089534e-13,
    "features_2": 2.1381091834309668e-09,
    "features_3": 3.7309748544176906e-13,
    "features_4": 3.4812388035922645e-13,
    "features_5": 5.021311440121588e-10,
    "features_6": 2.44649046256879e-13,
    "features_7": 2.879594202291151e-10,
    "features_8": 1.5822238734017527e-12,
    "features_9": 3.8695004047990963e-13,
    "features_10": 1.708030549550741e-11,
    "features_11": 5.364429148046175e-14,
    "features_12": 1.7187215269969008e-10,
    "features_13": 9.116265670590835e-15,
    "features_14": 1.5789124109809516e-10,
    "features_15": 2.0250108575176445e-13,
    "features_16": 4.746120580413747e-10,
    "features_17": 8.984176481467247e-15,
    "features_18": 8.24860561919335e-14,
    "features_19": 4.9419385013144827e-11,
    "features_20": 1.1214722379915275e-14,
    "features_21": 4.6459826088590566e-10,
    "features_22": 3.0418260589757754e-14,
    "features_23": 8.000760267364402e-10,
    "features_24": 1.005075478862268e-14,
    "features_25": 7.818170655247074e-10,
    "features_26": 2.612087126963846e-13,
    "features_27": 1.4233612461169428e-13,
    "features_28": 1.2135809269738724e-12,
    "features_29": 3.4252592298958385e-15,
    "features_30": 6.137343165807308e-12,
    "features_31": 1.367087895674724e-14,
    "features_32": 8.978643897693898e-12,
    "features_33": 1.7346264242216715e-14,
    "features_34": 4.695690004859064e-12,
    "features_35": 4.934389367495456e-15,
    "features_36": 2.480516511956197e-14,
    "avgpool": 4.638682110589173e-15,
    "flatten": 1.3787193416257993e-15,
    "classifier_0": 5.490361077138067e-13,
    "classifier_1": 5.4893250468390924e-12,
    "classifier_2": 1.2147396206263272e-11,
    "classifier_3": 2.2156792393530834e-13,
    "classifier_4": 1.0885372687865594e-10,
    "classifier_5": 5.520659807965579e-14,
    "classifier_6": 3.865657722550307e-14,
    "output": 2.912492898282351e-16,
    "AddmmBackward00": 5.911188587443342e-13,
    "AccumulateGrad0": 6.325444886484446e-14,
    "TBackward00": 1.2600712535507405e-14,
    "AccumulateGrad1": 2.5182144527899816e-14,
    "FusedDropoutBackward00": 5.1276925549087e-12,
    "ReluBackward00": 2.737233751217123e-12,
    "AddmmBackward01": 2.062502362766657e-12,
    "AccumulateGrad2": 7.959328075096694e-15,
    "TBackward01": 6.250736138663997e-15,
    "AccumulateGrad3": 7.111544098588176e-15,
    "FusedDropoutBackward01": 4.235366856637663e-13,
    "ReluBackward01": 2.05431310200746e-14,
    "AddmmBackward02": 7.465140630607224e-11,
    "AccumulateGrad4": 8.676049435694634e-15,
    "TBackward02": 1.6611961155613141e-15,
    "AccumulateGrad5": 6.380733139964136e-13,
    "ReshapeAliasBackward00": 8.670555855566796e-15,
    "AdaptiveAvgPool2DBackward00": 2.5605087494717792e-15,
    "MaxPool2DWithIndicesBackward00": 1.0903043583958194e-13,
    "ReluBackward02": 1.744077853058773e-14,
    "AddBackward00": 3.339361508186392e-16,
    "ReshapeAliasBackward01": 1.208249631711363e-14,
    "AccumulateGrad6": 3.9286666825790054e-15,
    "CudnnConvolutionBackward00": 2.5090427550257724e-12,
    "AccumulateGrad7": 2.721959214014441e-14,
    "ReluBackward03": 3.70079876875677e-14,
    "AddBackward01": 4.091242800752546e-16,
    "ReshapeAliasBackward02": 8.791064250978272e-14,
    "AccumulateGrad8": 3.0204482686223473e-12,
    "CudnnConvolutionBackward01": 2.354837490972775e-11,
    "AccumulateGrad9": 1.693011647396538e-14,
    "ReluBackward04": 2.1071288772464867e-14,
    "AddBackward02": 2.9374093098089647e-16,
    "ReshapeAliasBackward03": 1.3591557521139122e-14,
    "AccumulateGrad10": 6.771492471684897e-15,
    "CudnnConvolutionBackward02": 8.422702179446939e-13,
    "AccumulateGrad11": 6.494930425369102e-15,
    "ReluBackward05": 9.440207269926752e-15,
    "AddBackward03": 2.679427766177448e-15,
    "ReshapeAliasBackward04": 1.0378053162211447e-15,
    "AccumulateGrad12": 1.2077141584734676e-14,
    "CudnnConvolutionBackward03": 2.701493611684817e-12,
    "AccumulateGrad13": 6.2856988638943875e-15,
    "MaxPool2DWithIndicesBackward01": 4.3175717977702215e-14,
    "ReluBackward06": 3.553225037695544e-14,
    "AddBackward04": 3.0076373032719708e-15,
    "ReshapeAliasBackward05": 6.614783665356067e-15,
    "AccumulateGrad14": 4.846986156500497e-13,
    "CudnnConvolutionBackward04": 5.2130881670925565e-11,
    "AccumulateGrad15": 5.456056760420572e-15,
    "ReluBackward07": 6.029409603006208e-14,
    "AddBackward05": 4.1975645808363227e-16,
    "ReshapeAliasBackward06": 6.882803808954304e-14,
    "AccumulateGrad16": 2.315777156504307e-14,
    "CudnnConvolutionBackward05": 2.765319705384305e-09,
    "AccumulateGrad17": 5.511880306437795e-15,
    "ReluBackward08": 1.8824931814234803e-13,
    "AddBackward06": 4.593325647501515e-16,
    "ReshapeAliasBackward07": 4.521571591534907e-14,
    "AccumulateGrad18": 7.415538633090875e-15,
    "CudnnConvolutionBackward06": 3.1592434700965463e-09,
    "AccumulateGrad19": 1.1412884613065667e-14,
    "ReluBackward09": 1.2952495198354649e-13,
    "AddBackward07": 3.1597405296016376e-16,
    "ReshapeAliasBackward08": 5.019789281391413e-15,
    "AccumulateGrad20": 3.7197044827013635e-15,
    "CudnnConvolutionBackward07": 4.603813370232678e-11,
    "AccumulateGrad21": 1.6005629402867278e-15,
    "MaxPool2DWithIndicesBackward02": 2.7952179948018745e-11,
    "ReluBackward010": 2.5071311048882987e-13,
    "AddBackward08": 2.6355010236292807e-16,
    "ReshapeAliasBackward09": 3.1859614932012925e-13,
    "AccumulateGrad22": 6.507234990047215e-15,
    "CudnnConvolutionBackward08": 2.3814268581581374e-09,
    "AccumulateGrad23": 1.0782868100051795e-14,
    "ReluBackward011": 5.5706913238605e-13,
    "AddBackward09": 5.54800634445919e-15,
    "ReshapeAliasBackward010": 6.496746162840745e-16,
    "AccumulateGrad24": 1.2179886990981138e-12,
    "CudnnConvolutionBackward09": 1.1547648016917582e-09,
    "AccumulateGrad25": 6.742126632256547e-13,
    "ReluBackward012": 2.3010830214655516e-12,
    "AddBackward010": 2.850726045076141e-16,
    "ReshapeAliasBackward011": 8.794681102684523e-15,
    "AccumulateGrad26": 8.579675282823557e-15,
    "CudnnConvolutionBackward010": 1.0232483979379883e-09,
    "AccumulateGrad27": 1.0275333858300943e-12,
    "ReluBackward013": 7.77124507646122e-13,
    "AddBackward011": 5.716213478637291e-16,
    "ReshapeAliasBackward012": 1.3715399475866528e-15,
    "AccumulateGrad28": 6.851345455478115e-15,
    "CudnnConvolutionBackward011": 2.5143641720810645e-10,
    "AccumulateGrad29": 1.0523126866442636e-12,
    "MaxPool2DWithIndicesBackward03": 1.9128405857968958e-13,
    "ReluBackward014": 5.737840213208102e-13,
    "AddBackward012": 3.341365306548198e-16,
    "ReshapeAliasBackward013": 1.1030976212039283e-14,
    "AccumulateGrad30": 6.712417465995181e-15,
    "CudnnConvolutionBackward012": 3.179210934075328e-11,
    "AccumulateGrad31": 6.145489943995707e-13,
    "ReluBackward015": 3.1742494396858053e-14,
    "AddBackward013": 2.703475823318751e-15,
    "ReshapeAliasBackward014": 1.0795196465376933e-13,
    "AccumulateGrad32": 6.84888956025424e-13,
    "CudnnConvolutionBackward013": 4.4912313281311396e-10,
    "AccumulateGrad33": 9.173491752585078e-15,
    "MaxPool2DWithIndicesBackward04": 1.3867142620343747e-13,
    "ReluBackward016": 4.085615776057582e-14,
    "AddBackward014": 2.6499493764443733e-15,
    "ReshapeAliasBackward015": 1.599319997423897e-14,
    "AccumulateGrad34": 1.089887879685697e-12,
    "CudnnConvolutionBackward014": 3.90255077363284e-11,
    "AccumulateGrad35": 1.429782554890038e-14,
    "ReluBackward017": 9.793178855624979e-14,
    "AddBackward015": 1.6839912009696903e-14,
    "ReshapeAliasBackward016": 3.296308743418803e-15,
    "AccumulateGrad36": 3.789028222158591e-13,
    "CudnnConvolutionBackward015": 1.7587053101481973e-12,
    "AccumulateGrad37": 8.189467644246125e-15,
    "optimizer_zero": 1.2353623692923077e-11,
    "optimizer_step": 4.774071148581067e-12
}