{
    "x": 0,
    "features_0": 0.0014722769428044558,
    "features_1": 0.0006056400621309877,
    "features_2": 0.0027057973947376013,
    "features_3": 0.0006057946383953095,
    "features_4": 0.000539949480444193,
    "features_5": 0.0010231901332736016,
    "features_6": 0.00030608001165091994,
    "features_7": 0.0015920313680544494,
    "features_8": 0.00030612530186772345,
    "features_9": 0.00027060586027801033,
    "features_10": 0.0007443587807938457,
    "features_11": 0.00015641373116523027,
    "features_12": 0.0012548760138452052,
    "features_13": 0.0001563644455745816,
    "features_14": 0.0012610257230699063,
    "features_15": 0.0001563532976433635,
    "features_16": 0.001254499852657318,
    "features_17": 0.0001564421458169818,
    "features_18": 0.00014181395992636682,
    "features_19": 0.0006442335247993469,
    "features_20": 8.168635424226523e-05,
    "features_21": 0.0011175381625071169,
    "features_22": 8.183733094483615e-05,
    "features_23": 0.0011174287600442766,
    "features_24": 8.162481710314752e-05,
    "features_25": 0.001117267166264355,
    "features_26": 8.174674585461616e-05,
    "features_27": 9.77690052241087e-05,
    "features_28": 0.000313984383828938,
    "features_29": 1.7409129068255424e-05,
    "features_30": 0.0003140444029122591,
    "features_31": 1.741523388773203e-05,
    "features_32": 0.0003138044569641352,
    "features_33": 1.7489572055637836e-05,
    "features_34": 0.0003141273278743029,
    "features_35": 1.7265528440475465e-05,
    "features_36": 2.2501908242702482e-05,
    "avgpool": 8.038113359361886e-05,
    "flatten": 3.5919062793254854e-06,
    "classifier_0": 0.00034333982039242984,
    "classifier_1": 1.6108686104416847e-05,
    "classifier_2": 2.461719326674938e-05,
    "classifier_3": 7.505557034164668e-05,
    "classifier_4": 1.6452707350254058e-05,
    "classifier_5": 2.4627200327813623e-05,
    "classifier_6": 5.442542489618063e-05,
    "output": 1.0028621181845665e-06,
    "AddmmBackward00": 4.112620372325182e-05,
    "AccumulateGrad0": 6.400058045983315e-06,
    "TBackward00": 2.2424710914492607e-06,
    "AccumulateGrad1": 1.583065837621689e-05,
    "FusedDropoutBackward00": 8.961847051978112e-06,
    "ReluBackward00": 8.46440438181162e-06,
    "AddmmBackward01": 0.00014785524923354386,
    "AccumulateGrad2": 6.501954048871994e-06,
    "TBackward01": 2.256804145872593e-06,
    "AccumulateGrad3": 0.00010372799821197986,
    "FusedDropoutBackward01": 9.152381680905819e-06,
    "ReluBackward01": 8.618189021945e-06,
    "AddmmBackward02": 0.0006355317076668143,
    "AccumulateGrad4": 6.458382122218609e-06,
    "TBackward02": 2.240659669041634e-06,
    "AccumulateGrad5": 0.0006049202103167772,
    "ReshapeAliasBackward00": 2.22186092287302e-06,
    "AdaptiveAvgPool2DBackward00": 6.512122228741646e-05,
    "MaxPool2DWithIndicesBackward00": 7.121691014617681e-05,
    "ReluBackward02": 3.26967891305685e-05,
    "AddBackward00": 1.1956319212913513e-06,
    "ReshapeAliasBackward01": 2.179676666855812e-06,
    "AccumulateGrad6": 6.286646239459515e-06,
    "CudnnConvolutionBackward00": 0.0006801398890092969,
    "AccumulateGrad7": 1.0841526091098785e-05,
    "ReluBackward03": 3.247794695198536e-05,
    "AddBackward01": 1.1945096775889397e-06,
    "ReshapeAliasBackward02": 2.191280946135521e-06,
    "AccumulateGrad8": 6.310781463980674e-06,
    "CudnnConvolutionBackward01": 0.0006793548120185733,
    "AccumulateGrad9": 1.0839831084012986e-05,
    "ReluBackward04": 3.2568513415753844e-05,
    "AddBackward02": 1.204037107527256e-06,
    "ReshapeAliasBackward03": 2.170056104660034e-06,
    "AccumulateGrad10": 6.5161706879735e-06,
    "CudnnConvolutionBackward02": 0.000679834708571434,
    "AccumulateGrad11": 1.083984039723873e-05,
    "ReluBackward05": 3.2613081857562064e-05,
    "AddBackward03": 1.2248661369085312e-06,
    "ReshapeAliasBackward04": 2.1823029965162277e-06,
    "AccumulateGrad12": 6.3018733635544786e-06,
    "CudnnConvolutionBackward03": 0.0006798029644414783,
    "AccumulateGrad13": 1.0971776209771633e-05,
    "MaxPool2DWithIndicesBackward01": 0.00026516471058130264,
    "ReluBackward06": 0.00011905253864824771,
    "AddBackward04": 1.2255832552909851e-06,
    "ReshapeAliasBackward05": 2.3549981415271758e-06,
    "AccumulateGrad14": 6.407736800611019e-06,
    "CudnnConvolutionBackward04": 0.002347450368106365,
    "AccumulateGrad15": 1.0858569294214248e-05,
    "ReluBackward07": 0.00011911344714462757,
    "AddBackward05": 1.2159720063209533e-06,
    "ReshapeAliasBackward06": 2.2104103118181227e-06,
    "AccumulateGrad16": 6.296434439718723e-06,
    "CudnnConvolutionBackward05": 0.0023819057457149027,
    "AccumulateGrad17": 1.1020777747035026e-05,
    "ReluBackward08": 0.00011882181279361248,
    "AddBackward06": 1.2176856398582459e-06,
    "ReshapeAliasBackward07": 2.184552140533924e-06,
    "AccumulateGrad18": 6.4711086452007295e-06,
    "CudnnConvolutionBackward06": 0.002384756118990481,
    "AccumulateGrad19": 1.1045243591070175e-05,
    "ReluBackward09": 0.0001188433403149247,
    "AddBackward07": 1.2108683586120606e-06,
    "ReshapeAliasBackward08": 2.1774554625153542e-06,
    "AccumulateGrad20": 6.343545392155647e-06,
    "CudnnConvolutionBackward07": 0.0012957322364673019,
    "AccumulateGrad21": 7.389811798930168e-06,
    "MaxPool2DWithIndicesBackward02": 0.0004720593243837357,
    "ReluBackward010": 0.00023277862928807735,
    "AddBackward08": 1.2291083112359048e-06,
    "ReshapeAliasBackward09": 2.262522466480732e-06,
    "AccumulateGrad22": 6.5469043329358105e-06,
    "CudnnConvolutionBackward08": 0.0025015878258273006,
    "AccumulateGrad23": 6.323829293251038e-06,
    "ReluBackward011": 0.0002328633749857545,
    "AddBackward09": 1.2243026867508889e-06,
    "ReshapeAliasBackward010": 2.1936139091849327e-06,
    "AccumulateGrad24": 6.325510330498218e-06,
    "CudnnConvolutionBackward09": 0.002539626429788768,
    "AccumulateGrad25": 6.291554309427738e-06,
    "ReluBackward012": 0.00023252183105796574,
    "AddBackward010": 1.2326054275035858e-06,
    "ReshapeAliasBackward011": 2.195802517235279e-06,
    "AccumulateGrad26": 6.349855102598668e-06,
    "CudnnConvolutionBackward010": 0.0025392126105725768,
    "AccumulateGrad27": 6.3325138762593275e-06,
    "ReluBackward013": 0.00023251208476722242,
    "AddBackward011": 1.1973734945058823e-06,
    "ReshapeAliasBackward012": 2.2350577637553215e-06,
    "AccumulateGrad28": 6.3623581081628806e-06,
    "CudnnConvolutionBackward011": 0.0014854591572657228,
    "AccumulateGrad29": 6.223833188414573e-06,
    "MaxPool2DWithIndicesBackward03": 0.000929690725170076,
    "ReluBackward014": 0.00045925299637019636,
    "AddBackward012": 1.2128427624702453e-06,
    "ReshapeAliasBackward013": 2.1916860714554785e-06,
    "AccumulateGrad30": 6.362078711390496e-06,
    "CudnnConvolutionBackward012": 0.003025951371528208,
    "AccumulateGrad31": 6.2341429293155676e-06,
    "ReluBackward015": 0.00045919326134026046,
    "AddBackward013": 1.211254857480526e-06,
    "ReshapeAliasBackward014": 2.1762540563941e-06,
    "AccumulateGrad32": 6.27229455858469e-06,
    "CudnnConvolutionBackward013": 0.0021859206818044185,
    "AccumulateGrad33": 6.315591745078563e-06,
    "MaxPool2DWithIndicesBackward04": 0.0018438084889203308,
    "ReluBackward016": 0.0009129640925675631,
    "AddBackward014": 1.2484192848205567e-06,
    "ReshapeAliasBackward015": 2.2212369367480277e-06,
    "AccumulateGrad34": 6.600534543395042e-06,
    "CudnnConvolutionBackward014": 0.005561698218807578,
    "AccumulateGrad35": 6.2485784292221075e-06,
    "ReluBackward017": 0.0009125339752063154,
    "AddBackward015": 1.2073665857315064e-06,
    "ReshapeAliasBackward016": 2.179387956857681e-06,
    "AccumulateGrad36": 6.326599977910519e-06,
    "CudnnConvolutionBackward015": 0.0006950842030346393,
    "AccumulateGrad37": 6.309165619313716e-06,
    "optimizer_zero": 0.0005196521757170558,
    "optimizer_step": 0.0014029390271753073
}