{
    "x": 0,
    "features_0": 0.0017900000000000004,
    "features_1": 0.001014,
    "features_2": 0.006341000000000001,
    "features_3": 0.001013,
    "features_4": 0.000915,
    "features_5": 0.003054999999999999,
    "features_6": 0.000514,
    "features_7": 0.004931000000000001,
    "features_8": 0.000513,
    "features_9": 0.000456,
    "features_10": 0.002263999999999999,
    "features_11": 0.00026500000000000004,
    "features_12": 0.0036679999999999994,
    "features_13": 0.00026500000000000004,
    "features_14": 0.003667999999999999,
    "features_15": 0.000266,
    "features_16": 0.0036609999999999993,
    "features_17": 0.000264,
    "features_18": 0.00023500000000000002,
    "features_19": 0.0018010000000000003,
    "features_20": 0.00014,
    "features_21": 0.0030659999999999993,
    "features_22": 0.000139,
    "features_23": 0.0030549999999999996,
    "features_24": 0.00014099999999999998,
    "features_25": 0.003066999999999999,
    "features_26": 0.00014,
    "features_27": 0.000124,
    "features_28": 0.0010910000000000002,
    "features_29": 4.6e-05,
    "features_30": 0.0010850000000000002,
    "features_31": 4.6e-05,
    "features_32": 0.0010880000000000002,
    "features_33": 4.7e-05,
    "features_34": 0.0010890000000000003,
    "features_35": 4.6e-05,
    "features_36": 4.2000000000000004e-05,
    "avgpool": 0.000124,
    "flatten": 7.000000000000001e-06,
    "classifier_0": 0.0008030000000000001,
    "classifier_1": 1.5000000000000002e-05,
    "classifier_2": 3.3e-05,
    "classifier_3": 0.00016900000000000002,
    "classifier_4": 1.5000000000000002e-05,
    "classifier_5": 3.2e-05,
    "classifier_6": 8.699999999999999e-05,
    "output": 0,
    "AddmmBackward00": 0.00017,
    "AccumulateGrad0": 1.5000000000000002e-05,
    "TBackward00": 2.2000000000000003e-05,
    "AccumulateGrad1": 7.5e-05,
    "FusedDropoutBackward00": 2.7000000000000002e-05,
    "ReluBackward00": 1.6000000000000003e-05,
    "AddmmBackward01": 0.000313,
    "AccumulateGrad2": 1.5000000000000002e-05,
    "TBackward01": 2.2000000000000003e-05,
    "AccumulateGrad3": 0.00025600000000000004,
    "FusedDropoutBackward01": 2.7000000000000002e-05,
    "ReluBackward01": 1.7e-05,
    "AddmmBackward02": 0.001243,
    "AccumulateGrad4": 1.5000000000000002e-05,
    "TBackward02": 2.3e-05,
    "AccumulateGrad5": 0.001493,
    "ReshapeAliasBackward00": 1.7000000000000003e-05,
    "AdaptiveAvgPool2DBackward00": 0.000127,
    "MaxPool2DWithIndicesBackward00": 0.000126,
    "ReluBackward02": 6.1e-05,
    "AddBackward00": 6.500000000000001e-05,
    "ReshapeAliasBackward01": 1.7000000000000003e-05,
    "AccumulateGrad6": 1.4000000000000001e-05,
    "CudnnConvolutionBackward00": 0.002057,
    "AccumulateGrad7": 4.9e-05,
    "ReluBackward03": 6.2e-05,
    "AddBackward01": 6.3e-05,
    "ReshapeAliasBackward02": 1.8e-05,
    "AccumulateGrad8": 1.4000000000000001e-05,
    "CudnnConvolutionBackward01": 0.0020469999999999993,
    "AccumulateGrad9": 5e-05,
    "ReluBackward04": 6.3e-05,
    "AddBackward02": 6.3e-05,
    "ReshapeAliasBackward03": 1.8e-05,
    "AccumulateGrad10": 1.4999999999999999e-05,
    "CudnnConvolutionBackward02": 0.002051,
    "AccumulateGrad11": 4.9e-05,
    "ReluBackward05": 6.2e-05,
    "AddBackward03": 6.500000000000001e-05,
    "ReshapeAliasBackward04": 1.9e-05,
    "AccumulateGrad12": 1.4000000000000001e-05,
    "CudnnConvolutionBackward03": 0.0020509999999999994,
    "AccumulateGrad13": 4.9e-05,
    "MaxPool2DWithIndicesBackward01": 0.000392,
    "ReluBackward06": 0.000201,
    "AddBackward04": 8.9e-05,
    "ReshapeAliasBackward05": 1.8e-05,
    "AccumulateGrad14": 1.4999999999999999e-05,
    "CudnnConvolutionBackward04": 0.005737000000000001,
    "AccumulateGrad15": 4.9999999999999996e-05,
    "ReluBackward07": 0.000201,
    "AddBackward05": 8.8e-05,
    "ReshapeAliasBackward06": 1.9e-05,
    "AccumulateGrad16": 1.4999999999999999e-05,
    "CudnnConvolutionBackward05": 0.005737000000000001,
    "AccumulateGrad17": 4.9999999999999996e-05,
    "ReluBackward08": 0.0002,
    "AddBackward06": 8.999999999999999e-05,
    "ReshapeAliasBackward07": 1.8e-05,
    "AccumulateGrad18": 1.4999999999999999e-05,
    "CudnnConvolutionBackward06": 0.005729,
    "AccumulateGrad19": 5e-05,
    "ReluBackward09": 0.000201,
    "AddBackward07": 8.9e-05,
    "ReshapeAliasBackward08": 1.7000000000000003e-05,
    "AccumulateGrad20": 1.4999999999999999e-05,
    "CudnnConvolutionBackward07": 0.0031919999999999995,
    "AccumulateGrad21": 3.1e-05,
    "MaxPool2DWithIndicesBackward02": 0.000728,
    "ReluBackward010": 0.00038500000000000003,
    "AddBackward08": 0.00015,
    "ReshapeAliasBackward09": 1.8e-05,
    "AccumulateGrad22": 1.4999999999999999e-05,
    "CudnnConvolutionBackward08": 0.006665000000000001,
    "AccumulateGrad23": 2e-05,
    "ReluBackward011": 0.000386,
    "AddBackward09": 0.000148,
    "ReshapeAliasBackward010": 1.8e-05,
    "AccumulateGrad24": 1.5000000000000002e-05,
    "CudnnConvolutionBackward09": 0.006675,
    "AccumulateGrad25": 2e-05,
    "ReluBackward012": 0.00038500000000000003,
    "AddBackward010": 0.000148,
    "ReshapeAliasBackward011": 1.7000000000000003e-05,
    "AccumulateGrad26": 1.4999999999999999e-05,
    "CudnnConvolutionBackward010": 0.006662,
    "AccumulateGrad27": 2e-05,
    "ReluBackward013": 0.000386,
    "AddBackward011": 0.000147,
    "ReshapeAliasBackward012": 1.8000000000000004e-05,
    "AccumulateGrad28": 1.4999999999999999e-05,
    "CudnnConvolutionBackward011": 0.0039009999999999995,
    "AccumulateGrad29": 1.7e-05,
    "MaxPool2DWithIndicesBackward03": 0.001412,
    "ReluBackward014": 0.000756,
    "AddBackward012": 0.00027800000000000004,
    "ReshapeAliasBackward013": 1.8000000000000004e-05,
    "AccumulateGrad30": 1.4999999999999999e-05,
    "CudnnConvolutionBackward012": 0.010987000000000002,
    "AccumulateGrad31": 1.6000000000000003e-05,
    "ReluBackward015": 0.000754,
    "AddBackward013": 0.000277,
    "ReshapeAliasBackward014": 1.8e-05,
    "AccumulateGrad32": 1.4999999999999999e-05,
    "CudnnConvolutionBackward013": 0.006749000000000001,
    "AccumulateGrad33": 1.6e-05,
    "MaxPool2DWithIndicesBackward04": 0.00279,
    "ReluBackward016": 0.001495,
    "AddBackward014": 0.000523,
    "ReshapeAliasBackward015": 1.7000000000000003e-05,
    "AccumulateGrad34": 1.4999999999999999e-05,
    "CudnnConvolutionBackward014": 0.017040999999999994,
    "AccumulateGrad35": 1.5000000000000002e-05,
    "ReluBackward017": 0.001492,
    "AddBackward015": 0.000522,
    "ReshapeAliasBackward016": 1.8e-05,
    "AccumulateGrad36": 1.5000000000000002e-05,
    "CudnnConvolutionBackward015": 0.001497,
    "AccumulateGrad37": 1.4999999999999999e-05,
    "optimizer_zero": 0.000541,
    "optimizer_step": 0.00013
}