{
    "x": 0,
    "features_0": 0.0017730000000000003,
    "features_1": 0.001014,
    "features_2": 0.006336000000000001,
    "features_3": 0.001013,
    "features_4": 0.000914,
    "features_5": 0.0030589999999999992,
    "features_6": 0.000514,
    "features_7": 0.004927000000000001,
    "features_8": 0.000514,
    "features_9": 0.000459,
    "features_10": 0.0022559999999999993,
    "features_11": 0.00026500000000000004,
    "features_12": 0.0036489999999999995,
    "features_13": 0.000264,
    "features_14": 0.0036539999999999993,
    "features_15": 0.000265,
    "features_16": 0.003659999999999999,
    "features_17": 0.000268,
    "features_18": 0.00023600000000000002,
    "features_19": 0.0017820000000000002,
    "features_20": 0.00014,
    "features_21": 0.0030589999999999992,
    "features_22": 0.00014,
    "features_23": 0.0030639999999999994,
    "features_24": 0.00014,
    "features_25": 0.003063999999999999,
    "features_26": 0.00014,
    "features_27": 0.000124,
    "features_28": 0.001092,
    "features_29": 4.6e-05,
    "features_30": 0.0010920000000000003,
    "features_31": 4.6e-05,
    "features_32": 0.0010850000000000002,
    "features_33": 4.6e-05,
    "features_34": 0.001093,
    "features_35": 4.6e-05,
    "features_36": 4.2e-05,
    "avgpool": 0.000124,
    "flatten": 7.000000000000001e-06,
    "classifier_0": 0.0007960000000000002,
    "classifier_1": 1.6e-05,
    "classifier_2": 3.3e-05,
    "classifier_3": 0.000172,
    "classifier_4": 1.5000000000000002e-05,
    "classifier_5": 3.3e-05,
    "classifier_6": 8.7e-05,
    "output": 0,
    "AddmmBackward00": 0.00017,
    "AccumulateGrad0": 1.5000000000000002e-05,
    "TBackward00": 2.2000000000000003e-05,
    "AccumulateGrad1": 7.4e-05,
    "FusedDropoutBackward00": 2.7000000000000002e-05,
    "ReluBackward00": 1.7e-05,
    "AddmmBackward01": 0.00031200000000000005,
    "AccumulateGrad2": 1.5000000000000002e-05,
    "TBackward01": 2.3e-05,
    "AccumulateGrad3": 0.000257,
    "FusedDropoutBackward01": 2.7000000000000002e-05,
    "ReluBackward01": 1.6000000000000003e-05,
    "AddmmBackward02": 0.0012460000000000004,
    "AccumulateGrad4": 1.4999999999999999e-05,
    "TBackward02": 2.2000000000000003e-05,
    "AccumulateGrad5": 0.0014919999999999998,
    "ReshapeAliasBackward00": 1.7000000000000003e-05,
    "AdaptiveAvgPool2DBackward00": 0.000127,
    "MaxPool2DWithIndicesBackward00": 0.000126,
    "ReluBackward02": 6.3e-05,
    "AddBackward00": 6.7e-05,
    "ReshapeAliasBackward01": 1.7000000000000003e-05,
    "AccumulateGrad6": 1.5000000000000002e-05,
    "CudnnConvolutionBackward00": 0.0020589999999999996,
    "AccumulateGrad7": 5e-05,
    "ReluBackward03": 6.3e-05,
    "AddBackward01": 6.4e-05,
    "ReshapeAliasBackward02": 1.7000000000000003e-05,
    "AccumulateGrad8": 1.4000000000000001e-05,
    "CudnnConvolutionBackward01": 0.002045999999999999,
    "AccumulateGrad9": 5.1000000000000006e-05,
    "ReluBackward04": 6.2e-05,
    "AddBackward02": 6.3e-05,
    "ReshapeAliasBackward03": 1.7000000000000003e-05,
    "AccumulateGrad10": 1.4999999999999999e-05,
    "CudnnConvolutionBackward02": 0.0020529999999999993,
    "AccumulateGrad11": 4.9e-05,
    "ReluBackward05": 6.2e-05,
    "AddBackward03": 6.3e-05,
    "ReshapeAliasBackward04": 1.8e-05,
    "AccumulateGrad12": 1.4999999999999999e-05,
    "CudnnConvolutionBackward03": 0.0020479999999999995,
    "AccumulateGrad13": 5e-05,
    "MaxPool2DWithIndicesBackward01": 0.00039100000000000007,
    "ReluBackward06": 0.0002,
    "AddBackward04": 8.9e-05,
    "ReshapeAliasBackward05": 1.8e-05,
    "AccumulateGrad14": 1.4999999999999999e-05,
    "CudnnConvolutionBackward04": 0.0057410000000000004,
    "AccumulateGrad15": 4.9999999999999996e-05,
    "ReluBackward07": 0.000201,
    "AddBackward05": 8.8e-05,
    "ReshapeAliasBackward06": 1.8e-05,
    "AccumulateGrad16": 1.5000000000000002e-05,
    "CudnnConvolutionBackward05": 0.005738,
    "AccumulateGrad17": 5e-05,
    "ReluBackward08": 0.000201,
    "AddBackward06": 9.4e-05,
    "ReshapeAliasBackward07": 1.7000000000000003e-05,
    "AccumulateGrad18": 1.5000000000000002e-05,
    "CudnnConvolutionBackward06": 0.00574,
    "AccumulateGrad19": 5e-05,
    "ReluBackward09": 0.000201,
    "AddBackward07": 8.9e-05,
    "ReshapeAliasBackward08": 1.8e-05,
    "AccumulateGrad20": 1.4999999999999999e-05,
    "CudnnConvolutionBackward07": 0.0031859999999999996,
    "AccumulateGrad21": 3.2e-05,
    "MaxPool2DWithIndicesBackward02": 0.000728,
    "ReluBackward010": 0.00038500000000000003,
    "AddBackward08": 0.000147,
    "ReshapeAliasBackward09": 1.7000000000000003e-05,
    "AccumulateGrad22": 1.5000000000000002e-05,
    "CudnnConvolutionBackward08": 0.006657000000000001,
    "AccumulateGrad23": 2.2e-05,
    "ReluBackward011": 0.000386,
    "AddBackward09": 0.000148,
    "ReshapeAliasBackward010": 1.8e-05,
    "AccumulateGrad24": 1.4999999999999999e-05,
    "CudnnConvolutionBackward09": 0.006645000000000001,
    "AccumulateGrad25": 2.1000000000000002e-05,
    "ReluBackward012": 0.000387,
    "AddBackward010": 0.000148,
    "ReshapeAliasBackward011": 1.8000000000000004e-05,
    "AccumulateGrad26": 1.6e-05,
    "CudnnConvolutionBackward010": 0.006658000000000001,
    "AccumulateGrad27": 2.1000000000000002e-05,
    "ReluBackward013": 0.00038500000000000003,
    "AddBackward011": 0.000145,
    "ReshapeAliasBackward012": 1.8000000000000004e-05,
    "AccumulateGrad28": 1.4999999999999999e-05,
    "CudnnConvolutionBackward011": 0.0038839999999999994,
    "AccumulateGrad29": 1.7e-05,
    "MaxPool2DWithIndicesBackward03": 0.00141,
    "ReluBackward014": 0.000756,
    "AddBackward012": 0.000279,
    "ReshapeAliasBackward013": 1.9e-05,
    "AccumulateGrad30": 1.5000000000000002e-05,
    "CudnnConvolutionBackward012": 0.010943000000000001,
    "AccumulateGrad31": 1.7e-05,
    "ReluBackward015": 0.000754,
    "AddBackward013": 0.00028,
    "ReshapeAliasBackward014": 1.8e-05,
    "AccumulateGrad32": 1.5000000000000002e-05,
    "CudnnConvolutionBackward013": 0.00676,
    "AccumulateGrad33": 1.5000000000000002e-05,
    "MaxPool2DWithIndicesBackward04": 0.00279,
    "ReluBackward016": 0.001494,
    "AddBackward014": 0.000521,
    "ReshapeAliasBackward015": 1.8e-05,
    "AccumulateGrad34": 1.4999999999999999e-05,
    "CudnnConvolutionBackward014": 0.017029999999999993,
    "AccumulateGrad35": 1.6e-05,
    "ReluBackward017": 0.001491,
    "AddBackward015": 0.0005200000000000001,
    "ReshapeAliasBackward016": 1.8000000000000004e-05,
    "AccumulateGrad36": 1.4999999999999999e-05,
    "CudnnConvolutionBackward015": 0.0015700000000000002,
    "AccumulateGrad37": 1.4999999999999999e-05,
    "optimizer_zero": 0.000227,
    "optimizer_step": 0.000136
}