{
    "x": 1.2455042451620103e-07,
    "features_0": 0.0034803951624780894,
    "features_1": 0.0019970667781308293,
    "features_2": 0.013268123138695955,
    "features_3": 0.0019972290471196173,
    "features_4": 0.0018057102290913462,
    "features_5": 0.00630977232940495,
    "features_6": 0.000999976247549057,
    "features_7": 0.00989982947241515,
    "features_8": 0.001000148607417941,
    "features_9": 0.0008960103895515203,
    "features_10": 0.0047146265814080835,
    "features_11": 0.0005019413167610765,
    "features_12": 0.00729107943829149,
    "features_13": 0.0005020769778639079,
    "features_14": 0.0072907891497015955,
    "features_15": 0.0005020275758579373,
    "features_16": 0.0072889262810349464,
    "features_17": 0.0005017997464165092,
    "features_18": 0.00044924844987690447,
    "features_19": 0.0035602045385167004,
    "features_20": 0.0002525741886347532,
    "features_21": 0.0063026130013167855,
    "features_22": 0.0002526146871969104,
    "features_23": 0.006304110139608383,
    "features_24": 0.00025273048784583805,
    "features_25": 0.006305199870839715,
    "features_26": 0.000252582379616797,
    "features_27": 0.00022900187876075505,
    "features_28": 0.002033080058172345,
    "features_29": 6.579053122550249e-05,
    "features_30": 0.0020315102161839603,
    "features_31": 6.577889900654554e-05,
    "features_32": 0.0020206488110125066,
    "features_33": 6.576474290341138e-05,
    "features_34": 0.002030753009021282,
    "features_35": 6.581597961485385e-05,
    "features_36": 6.572946906089782e-05,
    "avgpool": 0.00021935643162578343,
    "flatten": 2.6482297107577323e-06,
    "classifier_0": 0.0012529481295496226,
    "classifier_1": 1.43427774310112e-05,
    "classifier_2": 2.293491270393133e-05,
    "classifier_3": 0.00024192636366933583,
    "classifier_4": 1.4143041335046292e-05,
    "classifier_5": 2.2664200514554977e-05,
    "classifier_6": 6.97873905301094e-05,
    "output": 1.9898172467947006e-07,
    "AddmmBackward00": 0.00011599951889365912,
    "AccumulateGrad0": 6.546592339873314e-06,
    "TBackward00": 1.5583401545882226e-06,
    "AccumulateGrad1": 4.289493896067142e-05,
    "FusedDropoutBackward00": 1.0195220820605755e-05,
    "ReluBackward00": 9.566298685967923e-06,
    "AddmmBackward01": 0.00038287093862891195,
    "AccumulateGrad2": 5.3250510245561596e-06,
    "TBackward01": 1.216670498251915e-06,
    "AccumulateGrad3": 0.00016623012721538543,
    "FusedDropoutBackward01": 7.893820293247699e-06,
    "ReluBackward01": 8.217538706958293e-06,
    "AddmmBackward02": 0.0020486874599009754,
    "AccumulateGrad4": 5.235751159489155e-06,
    "TBackward02": 1.1707982048392296e-06,
    "AccumulateGrad5": 0.001001496948301792,
    "ReshapeAliasBackward00": 1.0754819959402084e-06,
    "AdaptiveAvgPool2DBackward00": 0.00017247624229639767,
    "MaxPool2DWithIndicesBackward00": 0.00020019032992422582,
    "ReluBackward02": 9.62855527177453e-05,
    "AddBackward00": 4.2436178773641584e-07,
    "ReshapeAliasBackward01": 1.1189794167876243e-06,
    "AccumulateGrad6": 4.5804167166352276e-06,
    "CudnnConvolutionBackward00": 0.0037666183104738595,
    "AccumulateGrad7": 2.5948500260710718e-05,
    "ReluBackward03": 9.653308894485236e-05,
    "AddBackward01": 4.513422027230263e-07,
    "ReshapeAliasBackward02": 1.1672871187329292e-06,
    "AccumulateGrad8": 5.042119883000851e-06,
    "CudnnConvolutionBackward01": 0.003765723747201264,
    "AccumulateGrad9": 2.5949389673769474e-05,
    "ReluBackward04": 9.635383728891611e-05,
    "AddBackward02": 6.023002788424492e-07,
    "ReshapeAliasBackward03": 1.188577152788639e-06,
    "AccumulateGrad10": 4.911473952233791e-06,
    "CudnnConvolutionBackward02": 0.0037669463036581873,
    "AccumulateGrad11": 2.608050126582384e-05,
    "ReluBackward05": 9.627665393054486e-05,
    "AddBackward03": 4.259310662746429e-07,
    "ReshapeAliasBackward04": 1.0709278285503388e-06,
    "AccumulateGrad12": 4.668189212679863e-06,
    "CudnnConvolutionBackward03": 0.0037666139705106617,
    "AccumulateGrad13": 2.5908551178872586e-05,
    "MaxPool2DWithIndicesBackward01": 0.0007300089672207833,
    "ReluBackward06": 0.00037317276000976564,
    "AddBackward04": 4.1597988456487653e-07,
    "ReshapeAliasBackward05": 1.0771909728646278e-06,
    "AccumulateGrad14": 4.653790965676308e-06,
    "CudnnConvolutionBackward04": 0.011411351813003422,
    "AccumulateGrad15": 2.6015429757535457e-05,
    "ReluBackward07": 0.0003721620189025998,
    "AddBackward05": 4.3330248445272445e-07,
    "ReshapeAliasBackward06": 1.094108447432518e-06,
    "AccumulateGrad16": 4.638060927391052e-06,
    "CudnnConvolutionBackward05": 0.01144526673015207,
    "AccumulateGrad17": 2.5983508676290514e-05,
    "ReluBackward08": 0.0003723826119676232,
    "AddBackward06": 4.350300878286362e-07,
    "ReshapeAliasBackward07": 1.0676216334104537e-06,
    "AccumulateGrad18": 4.679746925830841e-06,
    "CudnnConvolutionBackward06": 0.011433863071724773,
    "AccumulateGrad19": 2.6029301807284355e-05,
    "ReluBackward09": 0.0003725403221324086,
    "AddBackward07": 4.5332126319408417e-07,
    "ReshapeAliasBackward08": 1.1613639071583749e-06,
    "AccumulateGrad20": 4.832283593714237e-06,
    "CudnnConvolutionBackward07": 0.006191038121469319,
    "AccumulateGrad21": 9.359917603433132e-06,
    "MaxPool2DWithIndicesBackward02": 0.0014039969118312002,
    "ReluBackward010": 0.0007425517169758677,
    "AddBackward08": 4.404410719871521e-07,
    "ReshapeAliasBackward09": 1.082797534763813e-06,
    "AccumulateGrad22": 4.652421921491623e-06,
    "CudnnConvolutionBackward08": 0.013376190192066133,
    "AccumulateGrad23": 5.90320210903883e-06,
    "ReluBackward011": 0.0007406599540263414,
    "AddBackward09": 4.4242944568395615e-07,
    "ReshapeAliasBackward010": 1.0777311399579047e-06,
    "AccumulateGrad24": 4.66237310320139e-06,
    "CudnnConvolutionBackward09": 0.013350071902386844,
    "AccumulateGrad25": 5.884543061256408e-06,
    "ReluBackward012": 0.0007408635970205068,
    "AddBackward010": 4.3659936636686327e-07,
    "ReshapeAliasBackward011": 1.0527577251195909e-06,
    "AccumulateGrad26": 4.638149403035641e-06,
    "CudnnConvolutionBackward010": 0.013339797416701913,
    "AccumulateGrad27": 5.881818942725659e-06,
    "ReluBackward013": 0.0007415152620524168,
    "AddBackward011": 5.248095840215683e-07,
    "ReshapeAliasBackward012": 1.1729216203093528e-06,
    "AccumulateGrad28": 5.244459025561809e-06,
    "CudnnConvolutionBackward011": 0.007640101267024874,
    "AccumulateGrad29": 5.149622447788715e-06,
    "MaxPool2DWithIndicesBackward03": 0.00278024282772094,
    "ReluBackward014": 0.0014802470104768872,
    "AddBackward012": 4.5311637222766874e-07,
    "ReshapeAliasBackward013": 1.12737063318491e-06,
    "AccumulateGrad30": 4.671700298786163e-06,
    "CudnnConvolutionBackward012": 0.021835115128196775,
    "AccumulateGrad31": 4.686061292886734e-06,
    "ReluBackward015": 0.0014804735593497752,
    "AddBackward013": 4.680268466472626e-07,
    "ReshapeAliasBackward014": 1.1508306488394737e-06,
    "AccumulateGrad32": 4.936382174491882e-06,
    "CudnnConvolutionBackward013": 0.013362720818258822,
    "AccumulateGrad33": 4.705600440502167e-06,
    "MaxPool2DWithIndicesBackward04": 0.005533650750294328,
    "ReluBackward016": 0.0029576398292556405,
    "AddBackward014": 4.400964826345444e-07,
    "ReshapeAliasBackward015": 1.0657263919711113e-06,
    "AccumulateGrad34": 4.671313799917698e-06,
    "CudnnConvolutionBackward014": 0.03397425547707826,
    "AccumulateGrad35": 4.642899148166179e-06,
    "ReluBackward017": 0.002959308880381286,
    "AddBackward015": 4.5876018702983854e-07,
    "ReshapeAliasBackward016": 1.0614190250635148e-06,
    "AccumulateGrad36": 4.608090966939926e-06,
    "CudnnConvolutionBackward015": 0.002915949588641524,
    "AccumulateGrad37": 4.639672115445137e-06,
    "optimizer_zero": 0.0009577237721532583,
    "optimizer_step": 0.0021772290440276263
}