{
    "x": 0,
    "features_0": 0.0017870000000000004,
    "features_1": 0.001013,
    "features_2": 0.0063310000000000016,
    "features_3": 0.001012,
    "features_4": 0.000915,
    "features_5": 0.003057999999999999,
    "features_6": 0.000515,
    "features_7": 0.0049390000000000015,
    "features_8": 0.000514,
    "features_9": 0.000458,
    "features_10": 0.0022519999999999992,
    "features_11": 0.000265,
    "features_12": 0.003640999999999999,
    "features_13": 0.000265,
    "features_14": 0.003660999999999999,
    "features_15": 0.00026500000000000004,
    "features_16": 0.003664999999999999,
    "features_17": 0.00026500000000000004,
    "features_18": 0.00023400000000000002,
    "features_19": 0.0017810000000000002,
    "features_20": 0.00014,
    "features_21": 0.0030639999999999994,
    "features_22": 0.00014,
    "features_23": 0.0030609999999999995,
    "features_24": 0.00014,
    "features_25": 0.0030619999999999996,
    "features_26": 0.00014,
    "features_27": 0.000123,
    "features_28": 0.0010930000000000002,
    "features_29": 4.7e-05,
    "features_30": 0.0010950000000000003,
    "features_31": 4.7000000000000004e-05,
    "features_32": 0.0010890000000000001,
    "features_33": 4.6e-05,
    "features_34": 0.0010890000000000001,
    "features_35": 4.7000000000000004e-05,
    "features_36": 4.1e-05,
    "avgpool": 0.00012299999999999998,
    "flatten": 7.000000000000001e-06,
    "classifier_0": 0.0008020000000000001,
    "classifier_1": 1.6e-05,
    "classifier_2": 3.4e-05,
    "classifier_3": 0.000172,
    "classifier_4": 1.5000000000000002e-05,
    "classifier_5": 3.3e-05,
    "classifier_6": 8.8e-05,
    "output": 0,
    "AddmmBackward00": 0.000172,
    "AccumulateGrad0": 1.5000000000000002e-05,
    "TBackward00": 2.3e-05,
    "AccumulateGrad1": 7.5e-05,
    "FusedDropoutBackward00": 2.7000000000000002e-05,
    "ReluBackward00": 1.7e-05,
    "AddmmBackward01": 0.000311,
    "AccumulateGrad2": 1.4999999999999999e-05,
    "TBackward01": 2.2000000000000003e-05,
    "AccumulateGrad3": 0.000257,
    "FusedDropoutBackward01": 2.7000000000000002e-05,
    "ReluBackward01": 1.6000000000000003e-05,
    "AddmmBackward02": 0.0012420000000000003,
    "AccumulateGrad4": 1.5000000000000002e-05,
    "TBackward02": 2.2000000000000003e-05,
    "AccumulateGrad5": 0.001493,
    "ReshapeAliasBackward00": 1.8e-05,
    "AdaptiveAvgPool2DBackward00": 0.000127,
    "MaxPool2DWithIndicesBackward00": 0.000127,
    "ReluBackward02": 6.1e-05,
    "AddBackward00": 6.6e-05,
    "ReshapeAliasBackward01": 1.8e-05,
    "AccumulateGrad6": 1.5000000000000002e-05,
    "CudnnConvolutionBackward00": 0.0020579999999999995,
    "AccumulateGrad7": 4.9e-05,
    "ReluBackward03": 6.3e-05,
    "AddBackward01": 6.4e-05,
    "ReshapeAliasBackward02": 1.7000000000000003e-05,
    "AccumulateGrad8": 1.4999999999999999e-05,
    "CudnnConvolutionBackward01": 0.0020509999999999994,
    "AccumulateGrad9": 5e-05,
    "ReluBackward04": 6.2e-05,
    "AddBackward02": 6.3e-05,
    "ReshapeAliasBackward03": 1.8e-05,
    "AccumulateGrad10": 1.5000000000000002e-05,
    "CudnnConvolutionBackward02": 0.0020569999999999994,
    "AccumulateGrad11": 4.9999999999999996e-05,
    "ReluBackward05": 6.2e-05,
    "AddBackward03": 6.4e-05,
    "ReshapeAliasBackward04": 1.8e-05,
    "AccumulateGrad12": 1.4999999999999999e-05,
    "CudnnConvolutionBackward03": 0.0020499999999999997,
    "AccumulateGrad13": 4.9e-05,
    "MaxPool2DWithIndicesBackward01": 0.00039100000000000007,
    "ReluBackward06": 0.0002,
    "AddBackward04": 9e-05,
    "ReshapeAliasBackward05": 1.8e-05,
    "AccumulateGrad14": 1.5000000000000002e-05,
    "CudnnConvolutionBackward04": 0.005725000000000001,
    "AccumulateGrad15": 5e-05,
    "ReluBackward07": 0.000201,
    "AddBackward05": 8.8e-05,
    "ReshapeAliasBackward06": 1.8e-05,
    "AccumulateGrad16": 1.4999999999999999e-05,
    "CudnnConvolutionBackward05": 0.005731,
    "AccumulateGrad17": 5e-05,
    "ReluBackward08": 0.000201,
    "AddBackward06": 8.9e-05,
    "ReshapeAliasBackward07": 1.7000000000000003e-05,
    "AccumulateGrad18": 1.4999999999999999e-05,
    "CudnnConvolutionBackward06": 0.00574,
    "AccumulateGrad19": 5e-05,
    "ReluBackward09": 0.000201,
    "AddBackward07": 8.8e-05,
    "ReshapeAliasBackward08": 1.8e-05,
    "AccumulateGrad20": 1.4999999999999999e-05,
    "CudnnConvolutionBackward07": 0.0031899999999999993,
    "AccumulateGrad21": 3.1e-05,
    "MaxPool2DWithIndicesBackward02": 0.0007260000000000001,
    "ReluBackward010": 0.00038500000000000003,
    "AddBackward08": 0.000147,
    "ReshapeAliasBackward09": 1.7000000000000003e-05,
    "AccumulateGrad22": 1.4999999999999999e-05,
    "CudnnConvolutionBackward08": 0.006657000000000001,
    "AccumulateGrad23": 2.1000000000000002e-05,
    "ReluBackward011": 0.00038500000000000003,
    "AddBackward09": 0.000149,
    "ReshapeAliasBackward010": 1.7000000000000003e-05,
    "AccumulateGrad24": 1.5000000000000002e-05,
    "CudnnConvolutionBackward09": 0.006657000000000001,
    "AccumulateGrad25": 2e-05,
    "ReluBackward012": 0.000386,
    "AddBackward010": 0.000147,
    "ReshapeAliasBackward011": 1.7000000000000003e-05,
    "AccumulateGrad26": 1.4999999999999999e-05,
    "CudnnConvolutionBackward010": 0.006647,
    "AccumulateGrad27": 2.1000000000000002e-05,
    "ReluBackward013": 0.00038500000000000003,
    "AddBackward011": 0.000147,
    "ReshapeAliasBackward012": 1.7000000000000003e-05,
    "AccumulateGrad28": 1.4000000000000001e-05,
    "CudnnConvolutionBackward011": 0.003867999999999999,
    "AccumulateGrad29": 1.7e-05,
    "MaxPool2DWithIndicesBackward03": 0.001409,
    "ReluBackward014": 0.000756,
    "AddBackward012": 0.000278,
    "ReshapeAliasBackward013": 1.8e-05,
    "AccumulateGrad30": 1.5000000000000002e-05,
    "CudnnConvolutionBackward012": 0.010962000000000003,
    "AccumulateGrad31": 1.6000000000000003e-05,
    "ReluBackward015": 0.000754,
    "AddBackward013": 0.00027899999999999995,
    "ReshapeAliasBackward014": 1.7000000000000003e-05,
    "AccumulateGrad32": 1.4999999999999999e-05,
    "CudnnConvolutionBackward013": 0.006751,
    "AccumulateGrad33": 1.5000000000000002e-05,
    "MaxPool2DWithIndicesBackward04": 0.00279,
    "ReluBackward016": 0.001494,
    "AddBackward014": 0.000519,
    "ReshapeAliasBackward015": 1.7000000000000003e-05,
    "AccumulateGrad34": 1.4999999999999999e-05,
    "CudnnConvolutionBackward014": 0.017083999999999995,
    "AccumulateGrad35": 1.5000000000000002e-05,
    "ReluBackward017": 0.001491,
    "AddBackward015": 0.0005200000000000001,
    "ReshapeAliasBackward016": 1.7000000000000003e-05,
    "AccumulateGrad36": 1.4999999999999999e-05,
    "CudnnConvolutionBackward015": 0.0015420000000000002,
    "AccumulateGrad37": 1.5000000000000002e-05,
    "optimizer_zero": 0.000183,
    "optimizer_step": 0.000127
}