{
    "x": 1.26940431073308e-07,
    "features_0": 0.0010939454194158315,
    "features_1": 0.0006026141799520701,
    "features_2": 0.0025918535597156734,
    "features_3": 0.0006029588205274195,
    "features_4": 0.0005368208594154567,
    "features_5": 0.0009989640000276267,
    "features_6": 0.0003035773301962763,
    "features_7": 0.0015598190191667527,
    "features_8": 0.00030343046062625945,
    "features_9": 0.0002680186496581882,
    "features_10": 0.0007173749199137091,
    "features_11": 0.00015416270005516708,
    "features_12": 0.0012114174198359251,
    "features_13": 0.00015396623057313265,
    "features_14": 0.0012157538102474065,
    "features_15": 0.00015400380012579263,
    "features_16": 0.001213911270024255,
    "features_17": 0.00015401792945340275,
    "features_18": 0.00013898867066018284,
    "features_19": 0.0006117863999679685,
    "features_20": 7.935123052448034e-05,
    "features_21": 0.00110342520987615,
    "features_22": 7.951904903165997e-05,
    "features_23": 0.0011022674501873554,
    "features_24": 7.946414989419281e-05,
    "features_25": 0.0011105246597435325,
    "features_26": 7.946675061248242e-05,
    "features_27": 7.218835991807282e-05,
    "features_28": 0.0003000658703967929,
    "features_29": 1.6121399821713566e-05,
    "features_30": 0.00029851858969777824,
    "features_31": 1.6145739937201143e-05,
    "features_32": 0.0002984192001167685,
    "features_33": 1.6237919917330147e-05,
    "features_34": 0.00029841269017197194,
    "features_35": 1.6040949849411844e-05,
    "features_36": 2.032855059951544e-05,
    "avgpool": 7.448424934409558e-05,
    "flatten": 2.902920823544264e-06,
    "classifier_0": 0.00033723004977218805,
    "classifier_1": 1.619504066184163e-05,
    "classifier_2": 2.2918690228834747e-05,
    "classifier_3": 7.216271013021469e-05,
    "classifier_4": 1.6170389717444777e-05,
    "classifier_5": 2.2987619740888476e-05,
    "classifier_6": 5.315572954714298e-05,
    "output": 2.1790969185531139e-07,
    "AddmmBackward00": 3.7901359610259534e-05,
    "AccumulateGrad0": 6.292549660429358e-06,
    "TBackward00": 1.4692405238747597e-06,
    "AccumulateGrad1": 1.086357980966568e-05,
    "NativeDropoutBackward00": 7.966479752212762e-06,
    "ReluBackward00": 8.081890409812332e-06,
    "AddmmBackward01": 0.0001465452800039202,
    "AccumulateGrad2": 6.183339282870293e-06,
    "TBackward01": 1.501700608059764e-06,
    "AccumulateGrad3": 0.00010221311007626355,
    "NativeDropoutBackward01": 8.20241984911263e-06,
    "ReluBackward01": 8.097019745036959e-06,
    "AddmmBackward02": 0.0006285229499917478,
    "AccumulateGrad4": 6.12944015301764e-06,
    "TBackward02": 1.4712498523294926e-06,
    "AccumulateGrad5": 0.0006031229405198247,
    "ReshapeAliasBackward00": 1.4220504090189933e-06,
    "AdaptiveAvgPool2DBackward00": 6.388175068423153e-05,
    "MaxPool2DWithIndicesBackward00": 6.671263952739536e-05,
    "ReluBackward02": 3.119002911262214e-05,
    "ConvolutionBackward00": 0.0006965449394192546,
    "AccumulateGrad6": 7.675030501559376e-06,
    "AccumulateGrad7": 6.161200581118464e-06,
    "ReluBackward03": 3.084577969275415e-05,
    "ConvolutionBackward01": 0.0006972056708764285,
    "AccumulateGrad8": 7.677630055695772e-06,
    "AccumulateGrad9": 6.058909930288792e-06,
    "ReluBackward04": 3.1354039674624803e-05,
    "ConvolutionBackward02": 0.0006973256904166192,
    "AccumulateGrad10": 7.68464058637619e-06,
    "AccumulateGrad11": 5.895899375900626e-06,
    "ReluBackward05": 3.0537210404872896e-05,
    "ConvolutionBackward03": 0.0006991402804851532,
    "AccumulateGrad12": 7.634449284523725e-06,
    "AccumulateGrad13": 5.978960543870926e-06,
    "MaxPool2DWithIndicesBackward01": 0.00024350397987291217,
    "ReluBackward06": 0.00011756748077459633,
    "ConvolutionBackward04": 0.002266721189953387,
    "AccumulateGrad14": 8.380940416827797e-06,
    "AccumulateGrad15": 5.977059481665492e-06,
    "ReluBackward07": 0.00011753401951864362,
    "ConvolutionBackward05": 0.0022998984297737477,
    "AccumulateGrad16": 7.86168035119772e-06,
    "AccumulateGrad17": 6.0814491007477045e-06,
    "ReluBackward08": 0.0001173088001087308,
    "ConvolutionBackward06": 0.002302686439361423,
    "AccumulateGrad18": 7.845239015296101e-06,
    "AccumulateGrad19": 6.047890055924654e-06,
    "ReluBackward09": 0.00011708287987858057,
    "ConvolutionBackward07": 0.0012520314299035817,
    "AccumulateGrad20": 6.089269882068038e-06,
    "AccumulateGrad21": 6.104200147092342e-06,
    "MaxPool2DWithIndicesBackward02": 0.00046736589050851764,
    "ReluBackward010": 0.0002311781805474311,
    "ConvolutionBackward08": 0.0025024667906109244,
    "AccumulateGrad22": 6.091780960559845e-06,
    "AccumulateGrad23": 6.155800074338913e-06,
    "ReluBackward011": 0.0002314382593613118,
    "ConvolutionBackward09": 0.00253394084982574,
    "AccumulateGrad24": 6.033459212630987e-06,
    "AccumulateGrad25": 6.0740404296666384e-06,
    "ReluBackward012": 0.0002313132199924439,
    "ConvolutionBackward010": 0.0025213417306076736,
    "AccumulateGrad26": 6.0028093867003915e-06,
    "AccumulateGrad27": 5.985270254313946e-06,
    "ReluBackward013": 0.0002313135296572,
    "ConvolutionBackward011": 0.0015714312996715307,
    "AccumulateGrad28": 6.112309638410806e-06,
    "AccumulateGrad29": 6.205979734659195e-06,
    "MaxPool2DWithIndicesBackward03": 0.0009151933097746223,
    "ReluBackward014": 0.0004579679400194436,
    "ConvolutionBackward012": 0.0033765553799457847,
    "AccumulateGrad30": 6.039979634806514e-06,
    "AccumulateGrad31": 6.011629011482e-06,
    "ReluBackward015": 0.0004580109298694879,
    "ConvolutionBackward013": 0.0023509594600182025,
    "AccumulateGrad32": 6.052600219845772e-06,
    "AccumulateGrad33": 6.057410500943661e-06,
    "MaxPool2DWithIndicesBackward04": 0.001826445769984275,
    "ReluBackward016": 0.0009112792101223021,
    "ConvolutionBackward014": 0.005846654740162193,
    "AccumulateGrad34": 6.181639619171619e-06,
    "AccumulateGrad35": 6.051189266145229e-06,
    "ReluBackward017": 0.0009118412609677762,
    "ConvolutionBackward015": 0.0009580827795434743,
    "AccumulateGrad36": 6.102189654484392e-06,
    "AccumulateGrad37": 6.029950454831123e-06,
    "optimizer_zero": 0.00046066037961281834,
    "optimizer_step": 0.0013928852893877774
}