{
    "x": 2.374988980591297e-08,
    "features_0": 0.00036158358969260005,
    "features_1": 1.5625969972461462e-05,
    "features_2": 0.00014042908034753054,
    "features_3": 1.3794139958918094e-05,
    "features_4": 3.444612957537174e-05,
    "features_5": 0.0018936749798012897,
    "features_6": 0.0006524801498744636,
    "features_7": 0.002648993779439479,
    "features_8": 0.0005506347498157993,
    "features_9": 0.0003102543303975835,
    "features_10": 0.001055148090235889,
    "features_11": 0.0003677904204232618,
    "features_12": 0.0015147968899691478,
    "features_13": 0.000275364060071297,
    "features_14": 0.00019786397984717041,
    "features_15": 0.0007135659799678251,
    "features_16": 0.0002697081700898707,
    "features_17": 0.001129280570312403,
    "features_18": 0.00014167111017741264,
    "features_19": 0.00015069361019413917,
    "features_20": 0.0005692073400132358,
    "features_21": 0.00022716806968674065,
    "features_22": 0.0009538806800264866,
    "features_23": 7.294245006050915e-05,
    "features_24": 7.362051983363926e-05,
    "avgpool": 7.558359997346998e-05,
    "flatten": 3.067850484512746e-06,
    "classifier_0": 0.0007113894098438323,
    "classifier_1": 1.3824100024066866e-05,
    "classifier_2": 2.3960290127433838e-05,
    "classifier_3": 4.6397919650189575e-05,
    "classifier_4": 1.3602179824374617e-05,
    "classifier_5": 2.1518709836527705e-05,
    "classifier_6": 0.00015470131009351462,
    "output": 1.6089994460344313e-07,
    "SelectBackward0": 1.4128760085441172e-05,
    "AddmmBackward0": 3.3130859956145285e-05,
    "AccumulateGrad0": 5.4917903617024425e-06,
    "TBackward0": 1.2294005136936902e-06,
    "AccumulateGrad1": 5.203449982218444e-06,
    "FusedDropoutBackward0": 7.1721401764079924e-06,
    "ReluBackward10": 7.325920159928501e-06,
    "AddmmBackward1": 4.281800996977836e-05,
    "AccumulateGrad2": 5.199639708735049e-06,
    "TBackward1": 1.2302096001803875e-06,
    "AccumulateGrad3": 5.130209610797465e-06,
    "FusedDropoutBackward1": 7.180550019256771e-06,
    "ReluBackward11": 6.803040159866214e-06,
    "AddmmBackward2": 3.7571790162473914e-05,
    "AccumulateGrad4": 5.1784998504444955e-06,
    "TBackward2": 1.2196798343211412e-06,
    "AccumulateGrad5": 5.123500013723969e-06,
    "ViewBackward0": 1.26787053886801e-06,
    "AdaptiveAvgPool2DBackward0": 1.2512140092439949e-05,
    "MaxPool2DWithIndicesBackward0": 9.779551008250565e-05,
    "ReluBackward12": 1.8678989727050065e-05,
    "AddBackward00": 3.5626988392323256e-07,
    "ViewBackward1": 1.2890197103843092e-06,
    "AccumulateGrad6": 5.183109897188842e-06,
    "CudnnConvolutionBackward0": 0.00024273303046356886,
    "AccumulateGrad7": 5.225689965300262e-06,
    "ReluBackward13": 7.102900417521596e-06,
    "AddBackward01": 3.4875993151217697e-07,
    "ViewBackward2": 1.2512499233707786e-06,
    "AccumulateGrad8": 5.318459589034319e-06,
    "CudnnConvolutionBackward1": 0.00045202301000244914,
    "AccumulateGrad9": 5.228499649092555e-06,
    "MaxPool2DWithIndicesBackward1": 0.00012615753978025167,
    "ReluBackward14": 7.320814009290189e-05,
    "AddBackward02": 3.4954980947077276e-07,
    "ViewBackward3": 1.2590602273121477e-06,
    "AccumulateGrad10": 7.139524968806654e-05,
    "CudnnConvolutionBackward2": 0.0007766263198573142,
    "AccumulateGrad11": 0.00017957892036065458,
    "ReluBackward15": 0.00023268010001629592,
    "AddBackward03": 3.4705037251114844e-07,
    "ViewBackward4": 1.2448302004486323e-06,
    "AccumulateGrad12": 0.0002303869102615863,
    "CudnnConvolutionBackward3": 0.0017629289400065318,
    "AccumulateGrad13": 1.9000900210812687e-05,
    "MaxPool2DWithIndicesBackward2": 0.00026391921972390264,
    "ReluBackward16": 0.00014075979997869582,
    "AddBackward04": 3.4714990761131047e-07,
    "ViewBackward5": 1.2437300756573676e-06,
    "AccumulateGrad14": 0.00013781047018710524,
    "CudnnConvolutionBackward4": 0.0014009189500939101,
    "AccumulateGrad15": 3.3091299701482055e-05,
    "ReluBackward17": 0.00023427479027304798,
    "AddBackward05": 3.5125995054841044e-07,
    "ViewBackward6": 1.245140447281301e-06,
    "AccumulateGrad16": 0.00027067849005106835,
    "CudnnConvolutionBackward5": 0.0021672292496077716,
    "AccumulateGrad17": 3.2976779621094466e-05,
    "MaxPool2DWithIndicesBackward3": 0.0003028242103755474,
    "ReluBackward18": 0.00016099561005830765,
    "AddBackward06": 3.5467033740133045e-07,
    "ViewBackward7": 1.2557499576359987e-06,
    "AccumulateGrad18": 0.00015949028020258992,
    "CudnnConvolutionBackward6": 0.0022233243397204207,
    "AccumulateGrad19": 0.0002559811499668285,
    "ReluBackward19": 0.000300944090122357,
    "AddBackward07": 3.805098822340369e-07,
    "ViewBackward8": 1.2555497232824564e-06,
    "AccumulateGrad20": 0.00029917907959315927,
    "CudnnConvolutionBackward7": 0.0025476951099699364,
    "AccumulateGrad21": 5.655846034642309e-05,
    "MaxPool2DWithIndicesBackward4": 0.0004555032402276993,
    "ReluBackward110": 0.00024263965955469757,
    "AddBackward08": 3.754999488592148e-07,
    "ViewBackward9": 1.2647703988477588e-06,
    "AccumulateGrad22": 0.00024112672021146862,
    "CudnnConvolutionBackward8": 0.0039019537501735614,
    "AccumulateGrad23": 0.0001077624800382182,
    "ReluBackward111": 0.0005320459295762703,
    "AddBackward09": 4.067696863785386e-07,
    "ViewBackward10": 1.2410199269652367e-06,
    "AccumulateGrad24": 0.0006094517401652411,
    "CudnnConvolutionBackward9": 0.0012345154199283571,
    "AccumulateGrad25": 0.0006109669699799269,
    "optimizer_zero": 0.004497986770002171,
    "optimizer_step": 0.0009337395097827539
}