{
    "x": 1.2201955541968347e-07,
    "features_0": 0.0021671529207378626,
    "features_1": 0.0012005203799344598,
    "features_2": 0.005135129439877346,
    "features_3": 0.001200693800346926,
    "features_4": 0.0010682113806251437,
    "features_5": 0.0019705554004758596,
    "features_6": 0.0006023266399279237,
    "features_7": 0.0030914014496374875,
    "features_8": 0.0006018730998039245,
    "features_9": 0.0005304940394125878,
    "features_10": 0.001420614569215104,
    "features_11": 0.00030325802974402906,
    "features_12": 0.0024137256399262698,
    "features_13": 0.00030319632031023503,
    "features_14": 0.0024168297206051646,
    "features_15": 0.00030307890032418074,
    "features_16": 0.002418215210782364,
    "features_17": 0.0003032049292232841,
    "features_18": 0.0002722786995582283,
    "features_19": 0.0011568394303321837,
    "features_20": 0.00015379591030068696,
    "features_21": 0.0020904748793691397,
    "features_22": 0.00015383758931420744,
    "features_23": 0.002104081069119275,
    "features_24": 0.00015393517911434175,
    "features_25": 0.002108167300466448,
    "features_26": 0.00015401922981254758,
    "features_27": 0.00013840208062902094,
    "features_28": 0.0005715841508936137,
    "features_29": 1.8868829356506468e-05,
    "features_30": 0.0005776445695664734,
    "features_31": 1.8201780039817095e-05,
    "features_32": 0.000571781430626288,
    "features_33": 1.9629450980573894e-05,
    "features_34": 0.0005698613403365016,
    "features_35": 1.782077015377581e-05,
    "features_36": 4.0083330823108554e-05,
    "avgpool": 0.00014530304935760795,
    "flatten": 2.89579969830811e-06,
    "classifier_0": 0.00034969683038070797,
    "classifier_1": 1.592542976140976e-05,
    "classifier_2": 2.2451510885730387e-05,
    "classifier_3": 8.56360699981451e-05,
    "classifier_4": 1.601580064743757e-05,
    "classifier_5": 2.324539003893733e-05,
    "classifier_6": 5.3817270090803506e-05,
    "output": 2.1801097318530083e-07,
    "AddmmBackward00": 5.2580260671675205e-05,
    "AccumulateGrad0": 6.195359164848924e-06,
    "TBackward00": 1.5141197945922614e-06,
    "AccumulateGrad1": 1.098020002245903e-05,
    "NativeDropoutBackward00": 7.937730988487601e-06,
    "ReluBackward00": 8.373039308935404e-06,
    "AddmmBackward01": 0.00014266302925534547,
    "AccumulateGrad2": 6.1577896121889355e-06,
    "TBackward01": 1.496600452810526e-06,
    "AccumulateGrad3": 0.0001022977801039815,
    "NativeDropoutBackward01": 8.177669951692223e-06,
    "ReluBackward01": 8.283959468826651e-06,
    "AddmmBackward02": 0.0006505762203596532,
    "AccumulateGrad4": 6.061509484425187e-06,
    "TBackward02": 1.479260390624404e-06,
    "AccumulateGrad5": 0.0006034624599851667,
    "ReshapeAliasBackward00": 1.4269608072936535e-06,
    "AdaptiveAvgPool2DBackward00": 0.00012089438969269395,
    "MaxPool2DWithIndicesBackward00": 0.00013055160990916193,
    "ReluBackward02": 6.1004279414191844e-05,
    "ConvolutionBackward00": 0.001209733070572838,
    "AccumulateGrad6": 7.7032798435539e-06,
    "AccumulateGrad7": 5.9568195138126614e-06,
    "ReluBackward03": 6.116559030488134e-05,
    "ConvolutionBackward01": 0.0012162238894961775,
    "AccumulateGrad8": 8.357199840247631e-06,
    "AccumulateGrad9": 5.98668004386127e-06,
    "ReluBackward04": 6.105427979491651e-05,
    "ConvolutionBackward02": 0.001216517030261457,
    "AccumulateGrad10": 8.363310480490326e-06,
    "AccumulateGrad11": 6.184239173308015e-06,
    "ReluBackward05": 6.10804301686585e-05,
    "ConvolutionBackward03": 0.0012200334097724407,
    "AccumulateGrad12": 7.712689694017172e-06,
    "AccumulateGrad13": 6.096879951655865e-06,
    "MaxPool2DWithIndicesBackward01": 0.0004901107505429536,
    "ReluBackward06": 0.00023097759927622974,
    "ConvolutionBackward04": 0.004307181920157745,
    "AccumulateGrad14": 7.707590702921152e-06,
    "AccumulateGrad15": 6.007910706102848e-06,
    "ReluBackward07": 0.00023117305943742394,
    "ConvolutionBackward05": 0.004373950359877199,
    "AccumulateGrad16": 7.93562037870288e-06,
    "AccumulateGrad17": 6.077250000089407e-06,
    "ReluBackward08": 0.00023092280025593936,
    "ConvolutionBackward06": 0.004370315170381218,
    "AccumulateGrad18": 8.5673900321126e-06,
    "AccumulateGrad19": 6.062809843569994e-06,
    "ReluBackward09": 0.00023107346962206066,
    "ConvolutionBackward07": 0.0024822250090073793,
    "AccumulateGrad20": 6.021840963512659e-06,
    "AccumulateGrad21": 6.006209878250956e-06,
    "MaxPool2DWithIndicesBackward02": 0.0009328702196944505,
    "ReluBackward010": 0.0004576986504253,
    "ConvolutionBackward08": 0.00493800324969925,
    "AccumulateGrad22": 6.16571051068604e-06,
    "AccumulateGrad23": 6.117619341239333e-06,
    "ReluBackward011": 0.0004578542406670749,
    "ConvolutionBackward09": 0.004993746930267662,
    "AccumulateGrad24": 6.023740861564875e-06,
    "AccumulateGrad25": 6.215099710971117e-06,
    "ReluBackward012": 0.00045741491951048377,
    "ConvolutionBackward010": 0.0049900783598423,
    "AccumulateGrad26": 6.141659105196595e-06,
    "AccumulateGrad27": 6.078749429434538e-06,
    "ReluBackward013": 0.0004576310294214636,
    "ConvolutionBackward011": 0.0029153087199665605,
    "AccumulateGrad28": 6.122529739513993e-06,
    "AccumulateGrad29": 6.1211304273456336e-06,
    "MaxPool2DWithIndicesBackward03": 0.0018305485404562206,
    "ReluBackward014": 0.0009108509100042284,
    "ConvolutionBackward012": 0.006591154829366132,
    "AccumulateGrad30": 6.0194300021976235e-06,
    "AccumulateGrad31": 6.177829345688224e-06,
    "ReluBackward015": 0.0009106939192861319,
    "ConvolutionBackward013": 0.004525647760601714,
    "AccumulateGrad32": 6.247960263863206e-06,
    "AccumulateGrad33": 6.031260127201676e-06,
    "MaxPool2DWithIndicesBackward04": 0.0036481017200276256,
    "ReluBackward016": 0.001817085100337863,
    "ConvolutionBackward014": 0.012250224410090596,
    "AccumulateGrad34": 6.084950873628259e-06,
    "AccumulateGrad35": 6.043980829417706e-06,
    "ReluBackward017": 0.001817088220268488,
    "ConvolutionBackward015": 0.0019042109500151127,
    "AccumulateGrad36": 6.08345028012991e-06,
    "AccumulateGrad37": 6.1856501270085575e-06,
    "optimizer_zero": 0.00046117324032820764,
    "optimizer_step": 0.0013923659303691238
}